path,line_count,sha256,modified_at
packages/ai/README.md,47,873b1675b45674d7ad7653c032057a90feae81b23c6789b4b5da53297090ea11,1779295806
packages/ai/pyproject.toml,52,9ae1298396e7ca91fe2e4df19bcb6428dd9713c9fb958041fe9e82ff58b7d3cf,1779295806
packages/ai/skills/algo_deployment_checklist.md,97,010420edf0eb94311b7ce1b87a070c7abc2881ae5e69f1741d1e9df012e0a27a,1779295806
packages/ai/skills/backtest_guide.md,78,fd8d00f718bebe144ad6a384f7bcf925b8a3ffd9b13542f1c23ab426d0b79c2b,1779295806
packages/ai/skills/bracket_order_strategies.md,86,ebbd648b8f4ce7abdafe6e2de6adf5b97fb2ef67ac10f7374030208571c22da1,1779368407
packages/ai/skills/candlestick_patterns.md,103,641a64ebb5ce73a6c27a0635c7050c2eca4ddf7ed4eac9aa194339def4aae20b,1779295806
packages/ai/skills/drawdown_management.md,109,ea4daa2a94033eac9ab2865193d312a1305c96a0915b74defa8135403183f913,1779295806
packages/ai/skills/earnings_options_strategy.md,95,c752cb8dce386ed85a1234f0bd3863dd5fbe906a584359d31f918323462318a5,1779295806
packages/ai/skills/expiry_day_trading.md,83,d1554c68b7f78a38013da518606dad1af2c73bf993062897d8210ebdeb48a83b,1779295806
packages/ai/skills/fii_dii_analysis.md,59,f818f1d43d3006b2e0eea8b16bd8b35360772c1cb68fb83fc3ee230aea49ca25,1779295806
packages/ai/skills/greeks_practical_guide.md,92,aed7d61d369b03d1a7433b384f7a69260f6ebbc497efed6ac7ff2081a5464c89,1779295806
packages/ai/skills/india_macro_indicators.md,86,c2e54652be6989e3f2ec3d0f3b6676648adf28df6f1207c6dbb6136f6891d25b,1779295806
packages/ai/skills/indian_market_hours.md,67,745ca4f6c6bc423040a730a8051665fc63c8c69cc37f52df332c539ccb9f5a8a,1779295806
packages/ai/skills/intermarket_analysis.md,84,698dc418ca30fe46d952cc977b5536c73d73d0deef4d8acccd6f8cc14179ce88,1779295806
packages/ai/skills/iron_condor_management.md,78,613f79ddd084bb6b4b96d8555af88e9eb87bb4a7aee1f866e1615ee651d92306,1779295806
packages/ai/skills/openalgo_api.md,71,76b338a0ebbcdcd934287b2ffc848c0a8082fc9d463d94316e664874645574e7,1779368407
packages/ai/skills/option_chain_analysis.md,55,c1ee4e6e743e9390305d615054b5bedcc17b65fe1b1349487bcdd2e1f1910f86,1779295806
packages/ai/skills/options_greeks.md,77,20b968f3e852f1e86a18986d96d03f182dda9efe9534fec6fcda116115714952,1779295806
packages/ai/skills/options_margin_optimization.md,84,f297b9ea46bae668e5e26925d6ea574a9c7798ec6932fbd764e6f986785f5503,1779295806
packages/ai/skills/order_types_guide.md,56,762c8da858ec77b49afac0a8b9bba98ecde039b6032e504773d01d41d3775d51,1779295806
packages/ai/skills/portfolio_hedging.md,98,66844c548f325f576c5e663ab9c5b9cd5e77a95062026a8ffc9c529b63987feb,1779295806
packages/ai/skills/position_management.md,47,8107b1191472ac81c6a08cd58eb57b4153001e02b01b344f02a6d5ef994d7dcf,1779295806
packages/ai/skills/risk_management.md,66,27a0c3fe182c70d329f23b096707aec178a874090bba25b228c095a4d58915ff,1779295806
packages/ai/skills/risk_of_ruin.md,80,404e846514ba11f7cae91ba7402c89366cf9134675a9de575b878ee70a3f58c0,1779295806
packages/ai/skills/scalping_techniques.md,72,e29829cec287ae7271d118a1972f81d371c242c34b8ea074e40c0f255724ce9b,1779295806
packages/ai/skills/order_safety.md,71,02233fabe7dc2cbbded557b7ce7a466abe51470aa9028f27b08c9831a893e877,1779295806
packages/ai/skills/sector_rotation.md,61,0d502c24991c0c59403df4be3895d7b279a99950d47cda67dbb3c9bcad6de2c8,1779295806
packages/ai/skills/straddle_strategies.md,66,4ad6a31127780fe44b43fb0a3524814b4eb5534eef5d0a81f4b474b04c8abd56,1779295806
packages/ai/skills/support_resistance.md,84,177cabcf7f481f593fa08b56b71a4a6169b94f4645c42d1aa52994b34a14602d,1779295806
packages/ai/skills/technical_indicators.md,68,2810d7f02e001534e93fd58ebc033f40eeac23d7ff09fee6d30f0a0f357ee2c8,1779295806
packages/ai/skills/trading_psychology.md,95,8f815e011d029689c98ed0bf01d43140bd0306009909e3107d4943b53636f9da,1779295806
packages/ai/skills/volatility_analysis.md,52,eada8d7e9e98409427c4191a398bf1ae0b58621d68d4dafd82c937b993cf5f49,1779295806
packages/ai/src/__init__.py,159,234bc5fae46050ef5db9913806b94081327edc77ba51c31fdd8a724e531214a1,1779295806
packages/ai/src/advisor.py,341,ee1fa8c521c0b40da3028cd34449bbd5c2808bf8f9021d908a24d8aae7b70479,1779295806
packages/ai/src/advisor_routes.py,211,eae891443dc9c76eb4aa1a7190a0c5054b4f28b8b5a2cea06a8d27f38a9372d7,1779295806
packages/ai/src/agent_models.py,228,9652255660990f436462d7b07cdc8308c00aea851c955c96b75fc32a54e2c3f8,1779295806
packages/ai/src/ai_routes.py,239,ba37279050810037b5bbdd1f323c3dd743872b611f7714d3c426e8e150b9971e,1779295806
packages/ai/src/analyst_chain.py,455,2a3ef6a78b1cfba3d1932409645654042e06d8ea3343ea6dc158e3b811fe2329,1779295806
packages/ai/src/auto_retrain.py,665,3286ca9f3327dcaaae4c612a710108a43a69340b0af3036ee91e516bf4ed4a57,1779295806
packages/ai/src/autonomous_agent.py,959,3b0e3868307ad52f545bc83df859dc1ae6867fbfd40bfa26ebcf5543d17760db,1779295806
packages/ai/src/crawl4ai_client.py,295,9a3fc57848170eda56a9d87b26fdeefc23fac81143978ae508ce954b312b08a7,1779295806
packages/ai/src/ensemble_selector.py,632,2c890e6110892cd5e39e6b675c624e052383d912bed43305e869d01ac3260b53,1779368410
packages/ai/src/hyperopt_strategy.py,415,92c811f6aa42ddfd0f703bb68d379dfecafcd31b4bf018673b742951143da82f,1779295806
packages/ai/src/llm_client.py,476,44326088a15b0713e7febe1ab1a2707b44e8db140836d74cc8aa2252f9951103,1779295806
packages/ai/src/market_simulator.py,444,464f716e1830cb8c79ddc5c093e0c0674d85514f0c6b9a8c909274c9637fe6f9,1779295806
packages/ai/src/mcp_bridge.py,362,56acb1387b5bb9bfbd78739da3ed37ddefb89064d493befcfe7ce273dc671f7a,1779295806
packages/ai/src/memory.py,562,3b9449f9ccca97a24906b375fee4552b61d0167e9138b3f2e40f63c3df571b9f,1779376063
packages/ai/src/memory_manager.py,802,1830d2d10684ce02e4b776dfa8f266283a2fb11c2d8ab8eedef40adef724e49d,1779295806
packages/ai/src/ml_advisor.py,544,6d4b43c9590a690e17f7c1e89c2afe0c67a65fe405576900fa43fbcc1dae6911,1779368410
packages/ai/src/multi_agent.py,823,714ec039430b4cd95010b72e8c4802dd11da91cdcf6776a8d65796bbe8b415e6,1779295806
packages/ai/src/news_scheduler.py,492,8151c8e6038c0ed88e3828e134e0d7aba48f0acb7d1932839ac40787132c1958,1779295806
packages/ai/src/news_scraper.py,357,e9625a90a1080c80a5c10de617c247ffd538942d8dd0e922f9b58ae5ca0450fd,1779295806
packages/ai/src/news_summarizer.py,347,e5aca559bbdfc736f257f7753635ac41260d3a98deb3154fd15f26120cf4ab07,1779295806
packages/ai/src/openclaw_bridge.py,197,35b1edd50384aeb80eede7695b6c31c05a26aed0a120ea8551ad5a0450d74677,1779295806
packages/ai/src/pipeline.py,233,976bd3bc3df386cf47dd9f4a1259a74b2d5a0bf12a3df31d0d9d3415a1ee4d5d,1779295806
packages/ai/src/rag.py,364,a663243bc7423a653d4138af67433da152bfc3ab4d083b0bce4d74975f5f1ffc,1779295806
packages/ai/src/rag_pipeline.py,985,ef173d16ae7b10e2bc9af453e2342b8a45c6673ca21b04ed32bfac70da830970,1779295806
packages/ai/src/reflection.py,210,740c5f0d13345a47d15bbf34524c5313a09aaa811845a6cccb4bfcce15f69218,1779295806
packages/ai/src/regime_detector.py,594,9d74d9243e8f37eae6a5f20e6bf76b6ef26777fd099e2396bb63282030915c53,1779295806
packages/ai/src/risk_debate.py,381,490abf0ded477fccd178bf763f7d4fba2c08546b0d46a9ed1040a935a8d535a2,1779295806
packages/ai/src/sentiment.py,365,6c0fe9d67538fcf7abccf9bcbd5c819b35b4802e4abd5b8780131ad472b0d67c,1779295806
packages/ai/src/signal_models.py,78,876285d1b5a4926fa43bbe1a982edb353db291b1edaa6ef4a6f6552008e73e51,1779295806
packages/ai/src/signal_pipeline.py,316,f2fc35db24be5374b5b2fd0eb9620b9667dc0961e4f5b71b3556d094ea1be2d9,1779295806
packages/ai/src/signal_routes.py,178,e89efe406b9bd1b3661065584eb356de6c8d9ec6c4c03e09a97fcc8e56a9bc71,1779295806
packages/ai/src/signals.py,530,1b010c032a6d0862d19a90a96711d0d8c9ab8d5a5fd3f7c038e5bf596d70ac73,1779368410
packages/ai/src/skill_system.py,310,272012d2e78cdaf9a7bb743f4fa3873898149d3c906805f285e030ab387b8e8c,1779295806
packages/ai/src/strategy_refiner.py,359,e192a412eeb1480d453ddaeba1c482caad40a9cba962fc67848da69860828053,1779295806
packages/ai/src/structured_sentiment.py,451,8e6f5c1dc0dbd45e81d6f3c13a2cd1706c791fc907bcbdb769c3c54392c6077c,1779295806
packages/ai/src/swarm_executor.py,467,c2cc8dd54c00a3bd7ac3dcbb4a78224d0cfdc0e214d9d0bd5cc46abc964ce2b9,1779295806
packages/ai/src/swarm_presets.py,761,2d61b4d6f241ca222f154193d284c52de1bfe68a33f08bfb473eadde00c4433e,1779295806
packages/ai/src/team_routes.py,147,fb801c1e90998c242522367b6a5e3912b92c9338b1f14b7597ddf3d80cd69e4e,1779295806
packages/ai/src/trade_reflection.py,538,8c1aa007863132e884ec4e9424e63c89ac6928dc937bff834c7e2f9fba1e0ddd,1779295806
packages/ai/tests/test_advisor_routes.py,234,93309af0eb9d308eaefc6b76452bcaa348f1428be011a07388d3e868ef486fbd,1779295806
packages/ai/tests/test_advisor_stream.py,247,ea68e4836aa8b47e86a14d8b14d582378044e465368e19146dcdbe73a6837490,1779295806
packages/ai/tests/test_ai.py,624,be1ff90e5389ec4db37169d88c9d07fbf282f3df12ac1750da55c249f14165a0,1779295806
packages/ai/tests/test_ai_routes.py,295,d873f159ea2478bd041bd1cd63ffa2b3761fd5c4b1342b6847eab0cff5831d05,1779295806
packages/ai/tests/test_ai_routes_deep.py,191,60abc8af3dc6a8bc519b4abf5e0f9674087708a68cb002d730cad8e9365f5f28,1779295806
packages/ai/tests/test_analyst_chain.py,518,e6fc1f504b6190dc874fc6b9f9db74523979f5d61105891820ff772320f0e22b,1779295806
packages/ai/tests/test_auto_retrain.py,694,f7b807b9ad82c95a6b1341a3acc0bf337d285cfc2cc3193906324c7fffa920ef,1779295806
packages/ai/tests/test_autonomous_agent.py,470,a25c542cf5180c92bce10aec2196a680be12231a31ee6a61f4aefbd5af8d7908,1779295806
packages/ai/tests/test_crawl4ai_client.py,455,038de8cd599ff0fd64ed8770045532b236192c2f2f13ad38f0714115846dbeba,1779295806
packages/ai/tests/test_ensemble_di.py,240,56dfabeb363718bbe0417799073893a1969c05563945de6d8519a1ca54f135c3,1779295806
packages/ai/tests/test_ensemble_selector.py,248,f4d978b164c8f9f2d9abeb760d3373d6ef693b861d629fcf2bb6e35b930fd1b6,1779368410
packages/ai/tests/test_hyperopt_strategy.py,233,895c438eb56e83ea6dddf79dc260bf869b208164f9060fdefc45ca71f876d2d7,1779368410
packages/ai/tests/test_market_simulator.py,329,9d5376f5f7c4289e66e32747d83c069feae51f02cb81ff7fb04d9cf4274a3569,1779295806
packages/ai/tests/test_memory.py,471,9becd8d498e6dc6f391bb6e77946f54b1533d753e64841c07b6539900b3e1a29,1779376132
packages/ai/tests/test_memory_manager.py,529,96e80b09c772183ffd2723401f7477126072a4df6e3c068e9ee28b4cfd1ac659,1779295806
packages/ai/tests/test_ml_advisor.py,373,6ff4af97587c8ec29e54bb4629de5d5c3b1787871a852a05394308d04923c567,1779295806
packages/ai/tests/test_multi_agent.py,485,0475a2b8a6501e4c553ca9c8dea469e750912dcc7dd67ca78915cba53568d5f7,1779295806
packages/ai/tests/test_multi_agent_parallel.py,235,50e1733838139bd0e7e7b1988d6133efce920c5ec42a7f9cef96fb738a1a6478,1779295806
packages/ai/tests/test_news_scheduler.py,360,a4805cff0004780fbe7af3963c9b13573c5315c1d93c44603833233a68f3fde0,1779295806
packages/ai/tests/test_news_scraper.py,250,5fd334cfe889cf85d4125f6acc15e7199dce0f1dd87c11e7506c09fabfe0c3c5,1779295806
packages/ai/tests/test_news_summarizer.py,406,dea66cb08cf4a868fe64d466cd6224178b112b0bba4defd224c421463de4ce5d,1779295806
packages/ai/tests/test_openclaw_bridge.py,223,8246825061e9a166a18d8ac4e26b76854b02d1f31b6e7fbf03bb468fe78ecb28,1779295806
packages/ai/tests/test_pipeline.py,94,1b651ea2eb82d6bb9215ed8ba16d269fa041992ad138fd9ba79e2ce171f4588a,1779295806
packages/ai/tests/test_rag_domain_filter.py,256,b675b2e70cdb2bbf9c054a54e85d069936fcd1705efb03c10d419b3d17b19b73,1779295806
packages/ai/tests/test_rag_pipeline.py,387,71fc8682f91d24c53bb6409b71fb89ef2476dbd9c5acd226522e26b2805934b4,1779295806
packages/ai/tests/test_reflection.py,407,eaafafd9aa68655d1328018f8e987d697da8d6455b704a72bc4da9fac77a599f,1779295806
packages/ai/tests/test_regime_detector.py,402,6824521cbcbc89545579601965fb664de4c1a16a2602348940cdbcf0b7f70ff3,1779295806
packages/ai/tests/test_risk_debate.py,223,1067792a62e30b97f366ec9c938af3a1a3cff16717c3d54b348b76471cbca52f,1779295806
packages/ai/tests/test_signal_pipeline.py,265,ae63e8da355bc5e04bd80f507c43404e02f98df9ae0b8442f7b94218bedbb065,1779295806
packages/ai/tests/test_signal_routes.py,231,68c962b8287009425e0497bc43e0b46382a78d2a2f5ac7b92e4c0922410929e2,1779295806
packages/ai/tests/test_signals_new.py,316,918421efc34f154a34981bdea077507bb011ed0cd82c18d489c9ad36f1b941ea,1779295806
packages/ai/tests/test_signals_stream.py,265,7a6d6f98bf281fb69a2129dcfc1766bd70d734a0c09f0d08edd82516a9a6abe6,1779295806
packages/ai/tests/test_skill_system.py,267,8ae5c8b162bed92c094cf7efc2a4c77568e6577586b344444988600c0729db98,1779295806
packages/ai/tests/test_strategy_refiner.py,235,1e6912e56b137fd7028f0b44b0d9188e003aef1c9744fbf949e9226e7fe621aa,1779295806
packages/ai/tests/test_structured_sentiment.py,386,954ad420d33b5c8275b23a876a18810a63bea297794bc2c84aa0852f10491737,1779295806
packages/ai/tests/test_swarm_executor.py,381,b8d7c1cc10e70825fbedb2e4cfa3afebaf2f8683ec78f2a4db3fe986ef33748e,1779295806
packages/ai/tests/test_swarm_presets.py,274,68bb084b36c7c3d099c5e0a7da9a062a3bc55e4806f42396a2a6684a9b3233d2,1779295806
packages/ai/tests/test_team_routes.py,266,7ed2e0ff18a36738ca027f78921c9a3d0398c1ca977e5b8738d6844ac69739c8,1779295806
packages/ai/tests/test_trade_reflection.py,335,4fd25f5264bbc8735a52bbd86b2a90a607fd31edb7d2e06d9f793b39e64a9c31,1779295806
packages/automation/README.md,46,8b875febd6aa42228de6d05918e76ed52330c1b53ea0005614127b5c8de62551,1779295806
packages/automation/pyproject.toml,38,16e388c6798627f356c43de5ddf4725245460253548b17f1037e7dafaae36385,1779295806
packages/automation/src/__init__.py,90,ae79a731d888f438dbe97b2649fd7af3a6deead3d435e8a2f16ef0cc26867357,1779295806
packages/automation/src/cron_manager.py,523,e5cae35767d13d72fcbcb6984df9785c506ae7642e2a4f13d59fedd7596cc489,1779295806
packages/automation/src/flow_nodes/__init__.py,56,38726e04ce76c45d238d7cd4a7908bb5729a9cfeb2eb5c4e416b1d668ce02883,1779295806
packages/automation/src/flow_nodes/alert_node.py,92,9d4f9c1af9b52e3a063737f1166d96905dfce29a1c4879cd29e74f6d276a26ca,1779295806
packages/automation/src/flow_nodes/base.py,141,7b8e76b703431c7d73bfa1c5f089c3658d64f4b387c0e6071d3de8890ced2348,1779295806
packages/automation/src/flow_nodes/condition_node.py,95,83838a19f12f0b630a1db8d457aa1e3661643f14003c85e52443f2855391be66,1779295806
packages/automation/src/flow_nodes/delay_node.py,52,ed73ebb5b69516b56dcca3f14e5138f134ccdb424f5cfba894421f1519ea8501,1779295806
packages/automation/src/flow_nodes/executor.py,260,1556e5f8c9bdcdac14ded089820465cbb8f661441c5110c9edadc4863e43414c,1779295806
packages/automation/src/flow_nodes/http_node.py,177,5e46f00140703b1a1bad37e83a47783d661d2a131aa8a5942068c106cbbb161f,1779295806
packages/automation/src/flow_nodes/logic_gate.py,141,9bad19eeeda768d7f452797f7b28b17945d4cbdc86a4fd6f4100c6f96cc3f5f9,1779295806
packages/automation/src/flow_nodes/math_node.py,116,022b3bb95f8bf6bec35aed50851a0d77fe36c42e2cbe8459055fc22138976cbc,1779295806
packages/automation/src/flow_nodes/order_node.py,132,200ab85e500eefcf907bf7b8e7fe1039ded39cbc14122977a851a87e7314efd6,1779295806
packages/automation/src/flow_nodes/switch_node.py,97,71086d2d2fa688b017e9b641e5d4b865b3dc9fee3d2dc927e16e71394479abd1,1779295806
packages/automation/src/flows.py,430,2035a9685503928950f6b9b039836bfaa0098c31bb03619ad9a4d09bb433e30b,1779295806
packages/automation/src/n8n_bridge.py,240,6a18f1fd3a17a8b9e766c4b7025a711b020873aa9d2cae21993cd9381cd13bc5,1779295806
packages/automation/src/n8n_routes.py,188,b12f01973890ed3709b56b9ff9f55025926a66b4bfc82c6d16bca291c3139cbe,1779295806
packages/automation/src/openclaw_bridge.py,271,c7438f67c8b39b61b3948091695346d715a0586a063cce9c75b6a637f2d4a4b3,1779295806
packages/automation/src/post_market.py,303,27a4d3ed0bb84253347084b1413d640df95c9d977c82abb696ff35933bf3fe0e,1779295806
packages/automation/src/telegram_bot.py,616,e40ce20ec1f87acd700277be81a6362a19c5f99e7f117762ac57dae2ad21cc98,1779295806
packages/automation/src/totp_login.py,72,7bd3eaa634f953560c1c7d3ca99000079bbe399e17c80488b6d5a95e981f4d58,1779295806
packages/automation/src/voice_order_bridge.py,631,9c05e1722b71397251b4e39a15cc5daf6602d61e2577d6b20c8eba235135818f,1779295806
packages/automation/src/voice_routes.py,303,ff8ac7901e9f305764094c3897a906b14b4cdfb6ace0d28c57bf96612af60378,1779295806
packages/automation/src/whatsapp_alerter.py,414,113b8a91d1b238db73c606c9d531daae4234e0468c3f6dfd6b06aeb0c51b86e8,1779295806
packages/automation/src/whatsapp_alerts.py,209,533ab3d0d959d39bdfcce9a2d8622cb258875695dfc8ca4532696cdb86d1198c,1779295806
packages/automation/src/whatsapp_routes.py,78,e3c11ee9509002c730ba2f834b49bfe9b70e3cf06e778bea89452b0e1dcdb6db,1779295806
packages/automation/tests/test_automation.py,713,415176443592172758a1c739aa7b12bf0d29225597beaec2a23585ceff9c3fa1,1779295806
packages/automation/tests/test_cron_manager.py,562,568392a4b969df6982170b75608599c6ba237d43fd65e7f1171560663fc8a526,1779295806
packages/automation/tests/test_flow_nodes.py,627,52cdf0a1655620e958efb667b3b102ccf511d2c1b4493acc48a2e78be43d9346,1779295806
packages/automation/tests/test_n8n_bridge.py,221,dd0994322e8f96a20b81a4c9783f51239c1fc02c9534dfd44838f1a97f8ea17f,1779295806
packages/automation/tests/test_n8n_routes.py,132,833c3acd0e3136e9c5b3f459c08dd4a62906a5ce05a96f97e7dd1877f875dc79,1779295806
packages/automation/tests/test_post_market.py,499,8619df03debb8d76a029dae053c05dd48308eb555bb98f18c480a73c820cc320,1779295806
packages/automation/tests/test_telegram_bot.py,518,eeebb1a1cc12c6183aca88c8dfbf84bd673bea6d457b2f51421c251d7d468388,1779295806
packages/automation/tests/test_voice_order_bridge.py,409,cbab23afcbfd8fa8b14aae908abaa7b51567d52e0a3a8a1736ae659b475f8e78,1779295806
packages/automation/tests/test_voice_routes.py,238,ca586ffbc48fe7693892e555bcd3852cc94f49c151e5cdbeaff7fbdcc85f69c4,1779295806
packages/automation/tests/test_whatsapp_alerter.py,372,540a71f91ad4030c63e0f756a8826b998b35115bad58cddb857c2f7b51ddb0ae,1779295806
packages/automation/tests/test_whatsapp_alerts.py,249,56c6dd5c45d6cd2c2b0493c4e8d2ed18a3bc5fabf1131e0f7a55c855326d66f9,1779295806
packages/automation/tests/test_whatsapp_routes.py,87,d04f750b14bd47cabbeef2768d716eeb65796407c9750aa4673044b243f7d660,1779295806
packages/backtest-engine/README.md,47,b7a9169530097e422cb7bf3b00dc4c57155fcc138087b5264ae8710bff79c5a6,1779295806
packages/backtest-engine/pyproject.toml,44,e32e465619442e3a4641d5bc5c95f1db66657853d5ed9ccd162436b2efadd688,1779295806
packages/backtest-engine/src/__init__.py,171,05be886172d3c3ba7572b3d82a0ada2845341ed2441922df04a9858f56d180ba,1779295806
packages/backtest-engine/src/base_strategy.py,680,7153ecf51488ba17d4c22df66782b532a6cabcd168531d29238970b425214fdb,1779295806
packages/backtest-engine/src/data_connector.py,359,d1240aafce450d839940a30a56f31dc76a74a3fc11333ffb590d50e1f0831bc8,1779295806
packages/backtest-engine/src/engine.py,1220,f05d0863c26f91a0288b24a5f94612752cb3b9cf49d881b3e302516c7b81d5fc,1779295806
packages/backtest-engine/src/metrics.py,591,253814069831c4a6d505ee33b11f6a426c9ffe6c2e37be0e58fdf16fc9044623,1779295806
packages/backtest-engine/src/monte_carlo.py,262,7b69660d0747f557fcdf270ea39e3c07a33b115fbeb5e757d4314a55da39110d,1779295806
packages/backtest-engine/src/optimiser_routes.py,250,6d6e584e29b3d7d124b992c1768df9449881ea971d8e55cebaceb0bb6f87cd74,1779295806
packages/backtest-engine/src/optimizer.py,341,467d4f41375be0211dde9458d41a71eb26e894b4eb24ddf5968fb154d5fe9d38,1779295806
packages/backtest-engine/src/permutation_routes.py,376,1dabd6b362d7cb00c462c05dcf633237c7db1c47bb5a32a85f8be3430b10c7b4,1779295806
packages/backtest-engine/src/permutation_test.py,592,04523c76505ef392e5479dd7d80228cb899275e7906fcc05207ec19c9c686036,1779295806
packages/backtest-engine/src/portfolio_backtest.py,924,c90738609f09af345343e694cc691d0e123d60e7b51c8151a40b634327e9e6b2,1779295806
packages/backtest-engine/src/portfolio_optimiser.py,626,ecf9e38bc17c9c070c3dc894d5eebf2b025e9cb7a00caa1800c2e4d490f183c2,1779295806
packages/backtest-engine/src/portfolio_optimizer.py,624,cc67a7fcd4ace9e3feaac140483d2dc648c8b319a90c54acdbe87325d4e0e36b,1779295806
packages/backtest-engine/src/rl_environment.py,627,e226aa640dab720c889a228da81cd1c27e323e48ca6c44a2e25807cba48d1313,1779295806
packages/backtest-engine/src/rl_features.py,358,e51ebf454ca2a839c9518a717352678fa60d82112fbe7920a170c128c9c12e98,1779295806
packages/backtest-engine/src/rl_trainer.py,534,dbe9cab599adca18d830c6dee2969fd99c71a3185ce78a0bef00b778b058a3fa,1779295806
packages/backtest-engine/src/robustness.py,802,13080c0cbd4a75728ee213633e95d1264da61c591d6c0b7255ce61aef4bad91d,1779295806
packages/backtest-engine/src/simulation.py,1045,8a859ada2cbe79012316bb3710b862104344b5395fb4c1d94651838196e41b2d,1779295806
packages/backtest-engine/src/simulator.py,470,a6452b3bac76c39fdde58025cb16c02fd494e104d83a4490a45c19ad45eec5df,1779295806
packages/backtest-engine/src/strategies/__init__.py,627,afd85fac481b2c74230ab331f3bd98258d3db3412e1d3f9d95bb1c2ffbe562a9,1779295806
packages/backtest-engine/src/strategies/_indicators.py,497,bfbdc8370992716fcec32a8a67307bd7805338e6a5c66d679e63900ddf8da4ba,1779295806
packages/backtest-engine/src/strategies/_mixin.py,61,43a4fb0b410ceb859178cd6ff809339e2e78a342246cdfbf35ddf165f58fb19c,1779295806
packages/backtest-engine/src/strategies/commodity_inventory.py,133,1dcfda7223ba25f625b7ae0b051b64c8655ad5bd0a85de2c76ace75a21eaf2f4,1779295806
packages/backtest-engine/src/strategies/commodity_seasonal.py,113,73a2e312b64d722e10b187b2d2f72920dcfbe79aa3c35ea187ece42b1a7897cb,1779295806
packages/backtest-engine/src/strategies/commodity_spread.py,101,f284b776ba1d85194fc04dd302e132110ef8952dd4011501dfa674edeb1f25e6,1779295806
packages/backtest-engine/src/strategies/composite.py,518,038557b3dccdbc49c895a06a93a993584ac64688def79866aaa59111688812ea,1779295806
packages/backtest-engine/src/strategies/crypto_breakout_volume.py,106,25e7c2707812d8bf62ac69eed4281fab6516098b78fe87543e9c8a547355155a,1779295806
packages/backtest-engine/src/strategies/crypto_dca_momentum.py,103,9b2623a969e785552b307ab25fe17842a701922ed819dd807c916d910c095190,1779295806
packages/backtest-engine/src/strategies/crypto_funding_arb.py,99,cb89c0464d128ca8aef8ce7191474d6556bdd4506d9408f1656150ad520d420a,1779295806
packages/backtest-engine/src/strategies/crypto_grid.py,121,02862b2170bafffbe35d3d780d0ff4cb4504a4c3859c2ac86abdc16e8d926ea9,1779295806
packages/backtest-engine/src/strategies/ema_supertrend_dema.py,368,36e0529e0bd687529264cce240e99c94a873db9c83897b6c9e9d1ce53e6b5545,1779295806
packages/backtest-engine/src/strategies/event_earnings.py,113,47c6f2580c87c2c63f951ee1f50aeca621d4d2bb0041c545362fc760c0c79471,1779295806
packages/backtest-engine/src/strategies/event_expiry_oi.py,115,12c185d76e9af78939b1f980427be6d6c5d8e1f0ef03c652284ef3ae8bcfcebf,1779295806
packages/backtest-engine/src/strategies/event_fii_flow.py,121,395e96f63b0a893171cc40189ccb3243418f1751f8cb293e67abf56ddf58e4bf,1779295806
packages/backtest-engine/src/strategies/event_rbi_policy.py,139,46078e60e1c38525c3c3d6f9e3fcd2b27cec1454d0c1bf22a5cb35c1a9d29205,1779295806
packages/backtest-engine/src/strategies/grid_equity.py,387,5f21ea79b63df74c37af4e571c53d9cb261781f56a5b7680483f5fa8aa5043cd,1779295806
packages/backtest-engine/src/strategies/intraday_expiry_day.py,110,3b338bcd0c68b40139463fa2405c80f0378aa0dff9e41006fe35362f5c83a284,1779295806
packages/backtest-engine/src/strategies/intraday_first_candle.py,96,a93ea4184536ad5bde647ce4c4e7ea8c36c108962dcbabc0e008721afef07a2a,1779295806
packages/backtest-engine/src/strategies/intraday_gap_fill.py,128,91aee4d1d0665974b05e636ccd8039337f4ed77dd59feec580e355763ee0309c,1779295806
packages/backtest-engine/src/strategies/intraday_orb_atr.py,153,1f3c87f8e3d094f4555ebe13c5d28ddb071c9ef4bd9cba7304fb776e1abd501e,1779295806
packages/backtest-engine/src/strategies/intraday_pre_market.py,124,915fcaef6b1c5eea75f5f6c1b4c9698c0cb7615cf7619d0f2f2a561619fc949e,1779295806
packages/backtest-engine/src/strategies/intraday_vwap_bounce.py,132,a3a0a525202e922327c2f4337ba3eafeca04cad2258c2e422458b39120cd6970,1779295806
packages/backtest-engine/src/strategies/mean_reversion.py,610,c854a61195eaa35e73777ee9e40b24d316cb6948d99a82c71eca1e2d5b1c1ad1,1779295806
packages/backtest-engine/src/strategies/mean_reversion_keltner.py,145,e1316c199fee90bbb2f930a24e87aea3ffb8cc6648ec0a57bfb638dff134cb0b,1779295806
packages/backtest-engine/src/strategies/mean_reversion_ma_envelope.py,93,7f9fd0283022104a514f0011f813ac559ca54a02c6f0a8ed16bf05a7cef89bad,1779295806
packages/backtest-engine/src/strategies/mean_reversion_pivot_point.py,152,22a43be2bdb78a7113d8a259de2b2e8f24cc1059112258f586122de5eb6548f5,1779295806
packages/backtest-engine/src/strategies/mean_reversion_rsi.py,104,d986d0a8bbc85d0e135970ba8cf199d9b0e47f8109478d5f6501e9446a05054b,1779295806
packages/backtest-engine/src/strategies/mean_reversion_vwap.py,103,5d404418c7851a3d4132aa27dfef0e2b7ad8d12a3a994a09133ac32ed9ab77e0,1779295806
packages/backtest-engine/src/strategies/mean_reversion_zscore.py,137,d0b25402cbc529df88be982f5bef8d8d03fb60b8852c5956643c576fadd80ce1,1779295806
packages/backtest-engine/src/strategies/ml_adaptive_params.py,153,37e0f988b3a35ffcf621157d6c7735e7548811614e73534fc9da9f69ad63dc0e,1779295806
packages/backtest-engine/src/strategies/ml_ensemble_voter.py,149,9dd1de35a55e570b6a56ee58faa7c140ef2707bc2b8b65482f22510c0b31f77e,1779295806
packages/backtest-engine/src/strategies/ml_feature_signal.py,142,7e05ee4a5cdf744182b24a218ac7aed590bc33e7518fadcc01ef9ad8ac1f4963,1779368410
packages/backtest-engine/src/strategies/ml_regime_classifier.py,161,715da97d67bf8953b43ed23857ede972c03a0bf2822b9f5a8a4cbb1d8f864733,1779295806
packages/backtest-engine/src/strategies/momentum.py,500,a629d7f3e4d959570ffaa4f900b219e9b85bbe638ad7c4e52a49a0fcb85fd5e2,1779295806
packages/backtest-engine/src/strategies/momentum_cci.py,116,ff536c92f2e418cf142894606d209fdfc71861fa2b85814f8d10c12902cb8798,1779295806
packages/backtest-engine/src/strategies/momentum_elder_impulse.py,128,72e589bd519b03f2426bee43928327f305e6c44e108d77d0b658152112590a09,1779295806
packages/backtest-engine/src/strategies/momentum_laguerre_rsi.py,107,3cd2ab05698cf27e61cb5fcc1578c5bc959184f9673116e56df4b437dd4a0f3d,1779295806
packages/backtest-engine/src/strategies/momentum_macd_divergence.py,186,3d5216c37a99be23a2da4ce6e09119298a3143b99fd0759c7955799c5a8444b1,1779295806
packages/backtest-engine/src/strategies/momentum_roc.py,98,be09702f2bca2d43a977a9d27d8266d1008bbd7afff85846b452255a11f09394,1779295806
packages/backtest-engine/src/strategies/momentum_rsi.py,138,452b0caf08cefc2adad8b817555f6e537a9c995f15f6f305ce3d1554612e5142,1779295806
packages/backtest-engine/src/strategies/momentum_stochastic.py,126,e1328ea7aa3c7c92e339e6e240d422b1441d422baceb59b24fad463afac2ee2a,1779295806
packages/backtest-engine/src/strategies/momentum_williams_r.py,103,c705d15a50430c7da29f35b0bac1d3d40a86e607178a42068aad639dc697ece6,1779295806
packages/backtest-engine/src/strategies/mtf_ema_breakout.py,87,9f2b39ac5cc5f59755f9fbadf5d4a505a7af147307ad3639fdc625fd83703056,1779295806
packages/backtest-engine/src/strategies/mtf_macd_momentum.py,95,c85903cae9894a49eefcb38e7ad9876ddb03d021029f23da861abe68bda7fa4a,1779295806
packages/backtest-engine/src/strategies/mtf_rsi_trend.py,105,0cfa627434796c2e0bbccb23cb821b40ed8c32ea0e6ca16e0f5c8fd5a604d2f1,1779295806
packages/backtest-engine/src/strategies/mtf_supertrend_confluence.py,110,e85b16361aceb429a5e1f3956aab650d5d47257e4b56c67e46c6dec765031cd0,1779295806
packages/backtest-engine/src/strategies/mtf_vwap_scalp.py,106,e0f317bd5353881eab1436bf47fd76a2418d122ab15d1de8d8364655913a2585,1779295806
packages/backtest-engine/src/strategies/options_butterfly.py,186,1bdaf95ecb862c3005e58f914ea14456699456a8f22219bc4b42a73a03fa8f53,1779295806
packages/backtest-engine/src/strategies/options_calendar_spread.py,119,fc611baa413723a07596bf56ff38f229f3c2700029333376fef3769dff160ab8,1779295806
packages/backtest-engine/src/strategies/options_collar.py,115,74f930de9a07ffbd1f3ce8b2e82b365b1d14e6c36f15fbe3561d61a13f3d28df,1779295806
packages/backtest-engine/src/strategies/options_iron_condor.py,110,bd38bd4cb85b1f26789ff1c50e82978b9b3092784ac57bd55adb1c85cee4b376,1779295806
packages/backtest-engine/src/strategies/options_jade_lizard.py,114,02ee840abe9b8511b718a1c46febe93448dc83989ff4c5be5bd60dc611f55e93,1779295806
packages/backtest-engine/src/strategies/options_ratio_spread.py,119,6f738357df116aff480088c41871e3904fd29eda70197c040e5079be86bb757f,1779295806
packages/backtest-engine/src/strategies/options_short_straddle_indian.py,960,8eac87e63fd126f62d58d28ac4d080cb9a87fbb645dd38992b0b780fecbac726,1779295806
packages/backtest-engine/src/strategies/options_straddle_strangle.py,128,43235b0078a5648929c25d661cb2e50180cb4c867509fdef20fa594b341d8c82,1779295806
packages/backtest-engine/src/strategies/options_wheel.py,147,6bc253315dd01f35d12681d1f687a799eb731cbd1d65064354b99d918af62fdd,1779295806
packages/backtest-engine/src/strategies/pairs_cointegration.py,118,8627cdea79d419e78883a59b8cd91a8c46404f18737fea4828c79323f9a57512,1779295806
packages/backtest-engine/src/strategies/pairs_ratio_reversion.py,118,1b28b93dfb844979ee5320fd0933af3cbd31fc2fa57caa63d0116050c8349846,1779295806
packages/backtest-engine/src/strategies/pattern_doji.py,158,a5538936186293219b32665f2a3695c8e7b7bb4f220bad9f9b1f09fab7d8cb1a,1779295806
packages/backtest-engine/src/strategies/pattern_engulfing.py,164,7f31d2dc37cec35e19d97b822e57a6f948353d6b17cf53dce47b38fd0a3642a1,1779295806
packages/backtest-engine/src/strategies/pattern_evening_star.py,172,fd0e15617bb7031c6288823fa8eac70a4678d5c9d25dc0e10286fdd944e9f1f0,1779295806
packages/backtest-engine/src/strategies/pattern_hammer.py,183,827d318b9cc1f2489c8edc8f9387356041b9626ae1c2fc3e332b4d13398a0af7,1779295806
packages/backtest-engine/src/strategies/pattern_morning_star.py,176,64ae6e1b52768dea49e0f6b12bf86ac2077b75b09ea2cb1739500e702303acea,1779295806
packages/backtest-engine/src/strategies/pattern_three_soldiers.py,192,47cbb43fb5673be1db9016239e1aac5d66ac5b9261e79afe42edcb79182d27f3,1779295806
packages/backtest-engine/src/strategies/portfolio_equal_weight.py,78,7752e8294ddf5e9dfb1ffe04a9942caafc57d825457aa8d4be702334420383a7,1779295806
packages/backtest-engine/src/strategies/portfolio_min_variance.py,127,a1864807c47695f57db75403be0fa2866769bc0d07db71afa97253d0dd71f0ec,1779295806
packages/backtest-engine/src/strategies/portfolio_momentum_rotation.py,110,5427011c8c7f085d8d4e3c24da519a82ff5654f216840bf79ec54696ed51f8f4,1779295806
packages/backtest-engine/src/strategies/portfolio_risk_parity.py,106,cbef91c9cdde02e51833ecab5cef941ec82b59b45c1d9f93546a4ccbc1cbab0a,1779295806
packages/backtest-engine/src/strategies/scalp_level2_squeeze.py,117,6e039ddff65dedab106f5c62a30d1671ef766d2af882625b1555fb75589b669a,1779295806
packages/backtest-engine/src/strategies/scalp_spread_capture.py,123,01654395d610110052ae58078eea43910f298565f2623c3233d7b7d6c77e8ce9,1779295806
packages/backtest-engine/src/strategies/scalp_tape_reading.py,105,e2f2ee716eb1107df0df4837a48a1ae74ffa8324538ef1d474a566ea4be70d09,1779295806
packages/backtest-engine/src/strategies/scalp_tick_momentum.py,111,e25686910913f4d5887401e1c49ae41cf90e40eac14179541bed11c2f1b28eb2,1779295806
packages/backtest-engine/src/strategies/stat_kalman_filter.py,130,84867fbe9b95f5b19030fde17dc2df02d4f1df9daa3915388181ca205c649d97,1779295806
packages/backtest-engine/src/strategies/stat_pairs_trading.py,592,fe7e651870531b466ea7e29372dbe553ed6a121b9f936517ec745bfc75c906c9,1779295806
packages/backtest-engine/src/strategies/stat_regime_hmm.py,137,751280fdc02fd4c5b8f6d044feeb8b2b4db227bff5e75f2e020f3cd4de6c7ab8,1779295806
packages/backtest-engine/src/strategies/trend_ema_crossover.py,99,959dc7643f7a9e0225360728a10d51552a62e8bfa682bf03c1b48f7a78018876,1779295806
packages/backtest-engine/src/strategies/trend_following.py,896,242ab89d5ff0ba2f009d7a589cae846e2c0ea5d837f8eaee9714d5d4e70495d7,1779295806
packages/backtest-engine/src/strategies/trend_hull_ma.py,126,8fe121df00033e39a6c1211b49d77f1448c8a13d24125bd307f8d1e6a94117f5,1779295806
packages/backtest-engine/src/strategies/trend_ichimoku.py,166,d31115aff4d7c91f1f8ec57a870419c5526782597a68d75656ddcb62e9d43a0b,1779295806
packages/backtest-engine/src/strategies/trend_macd_signal.py,72,7527373fcd8282fb68540b4f3228e5b7b7ae759e3653ddd0515a6601d7789f0e,1779295806
packages/backtest-engine/src/strategies/trend_parabolic_sar.py,144,e27c5079ecc9ab6e5a6ec5bb23fad5fdbdcb48a050bef6bead839f5a1e3ca5c5,1779295806
packages/backtest-engine/src/strategies/trend_sma_crossover.py,69,67df1231050559567f317af82acdb275cc61642d86b73ac11e44a099d0ae8b54,1779295806
packages/backtest-engine/src/strategies/trend_supertrend.py,96,9cc9fc403f21ba539801f794abdd083b47be1ed13c10c29722c61bc0ae14d6a1,1779295806
packages/backtest-engine/src/strategies/trend_triple_ma.py,119,a3d933a59dcf01c7a14f20cf85405fbc520caba4b4588af06d403a9c0bc6deea,1779295806
packages/backtest-engine/src/strategies/volatility.py,491,25c8984d792ce0e20277b8815f101fbbef61ce03eadf06dc3f3fe52d3fbaf44f,1779295806
packages/backtest-engine/src/strategies/volatility_atr_breakout.py,97,78e13428ea667f8db9900fe3125322dd8a4f1a4d32ffd771b93bda9cd707246b,1779295806
packages/backtest-engine/src/strategies/volatility_bollinger_squeeze.py,108,946b23226732ab30a4c557e57b818764c7c3d862df6c47b97b7709704db14e7a,1779295806
packages/backtest-engine/src/strategies/volatility_donchian_breakout.py,116,1925b259dccf57e58ef18edf561fec7a01537a70de71f70abcda5d9a587aa067,1779295806
packages/backtest-engine/src/strategies/volatility_india_vix.py,138,75c4001151e4f63461d8f75570341d83185122aa025b3da1ab7acc05c63a28c6,1779295806
packages/backtest-engine/src/strategies/volatility_range_expansion.py,88,453d0d68c9876d41c5c2ac6bc947140ac27a3e40eef2965b0c3a41fc6d1f535a,1779295806
packages/backtest-engine/src/strategies/volatility_vcp.py,133,4183ec31dd50f4f9ba00032d9a2ee5d48047f7902d5930ea2d5c04ca684c3ad4,1779295806
packages/backtest-engine/src/strategies/volatility_vix_based.py,136,e6c143338239369e1a2a864c1f827a2f2d41e84e52f0688403c83f20f958e11c,1779295806
packages/backtest-engine/src/strategies/volume_breakout.py,99,d2843f2cd2285e3985a83af2fba2d74213c936f756d0f292823ac9b3e01f5dad,1779295806
packages/backtest-engine/src/strategies/volume_obv_divergence.py,102,93f24e75549fb53a271339a9f8c6555c9430c58015861ad1050608a058cdd171,1779295806
packages/backtest-engine/src/strategies/volume_vwap_cross.py,94,ea67a64fd1ce1def25fb762013210c96f5800bc9feffa71e1bdfa07aad213ca9,1779295806
packages/backtest-engine/src/strategies/volume_vwma.py,128,32d31b6cae9c3491713eb73de24d4d321262a2f9fac12757411bb6021abe0aeb,1779295806
packages/backtest-engine/src/strategies.py,613,8b52b5de5a027391aa72648e829831b9bd93381f0ee9821a494d5616902b6e22,1779295806
packages/backtest-engine/src/strategy_comparison.py,600,3b24800372a3fab4e78f27fcdebb55334c4c529c085fc3fefe76b4e2d4813227,1779295806
packages/backtest-engine/src/tax_calculator.py,503,b2bbdfd34c0a2d4feaa3d2613be4a7b257ffec8dfd182f20a3438d65af196dd1,1779295806
packages/backtest-engine/src/tearsheet.py,495,3a5d06de097bc2705872d8b8063cf1632c1cfba7aa4d4ee1b65055d9691c17f6,1779295806
packages/backtest-engine/src/vectorbt_runner.py,384,0e940516e238e7e196490ab7477afeae0e90447baa1b51dbcb145b0b8923d48b,1779295806
packages/backtest-engine/src/walk_forward.py,583,8c07310ae3d8606ac0f3625cab26378940fe9667411eb6f819833d72f930b975,1779295806
packages/backtest-engine/src/walk_forward_analysis.py,604,124f5e6f2934c5d7a1bfb82139bb6664212b941ab0006e8aa6093e7407b5b146,1779295806
packages/backtest-engine/tests/conftest.py,39,aa6b23d3999ed3d8896bfa7bb9447d517ebbcfbc0d54bba0366ac2a6e2fe878a,1779295806
packages/backtest-engine/tests/test_backtest_engine.py,607,855a58a4b6903a303f6c807487494d48a74ad703ba829e8af35dcd191e9c2301,1779295806
packages/backtest-engine/tests/test_engine.py,643,06feb093df4921b9f423f0a442a618319b16494af2852776b3775ebdc2b3f53d,1779295806
packages/backtest-engine/tests/test_grid_equity.py,337,2ac9e42bd18840420efe73c7cd07b67241ff54493815ed18c783a0c470e471f8,1779295806
packages/backtest-engine/tests/test_indian_straddle.py,915,857af3ef799edfcfa1233939e3f8d5385b0af5fe882d43d71431b420a7c38f70,1779295806
packages/backtest-engine/tests/test_metrics.py,536,bc90557444921703a96c412cc5de1ff8e867a13d92257149c5ea01039a7b5f2d,1779295806
packages/backtest-engine/tests/test_monte_carlo.py,255,6d340f9ff720f57fedf54c57d922f35b11ffec07c4405ebf94b657a035da92b0,1779295806
packages/backtest-engine/tests/test_new_strategies.py,628,041032fb57692103b84bf47e1670a531f145f420f265353d3134a8033108fb21,1779295806
packages/backtest-engine/tests/test_optimiser_routes.py,147,7397f60975499b3eebdd6baaa4ec480cf879e91a2a3018dc97de7df1d4b1320e,1779295806
packages/backtest-engine/tests/test_permutation.py,500,05f8f18c167beed29c063218844b84284a4c4f33250ce3141e4612951094f2e3,1779295806
packages/backtest-engine/tests/test_permutation_routes.py,146,c7210329728c0e4ab549603a35a1ffc4a5ec16a3e5468c2b577358ec0235950c,1779295806
packages/backtest-engine/tests/test_portfolio_backtest.py,347,9361fae099a8b50886b633102bf297fb50e044f87f15d1fb7900c871c83fdbc1,1779295806
packages/backtest-engine/tests/test_portfolio_optimiser.py,585,75aff5ec9a442ade6d6e9df7b71d3353607eff9b1d91fdac383a6e904421b9e6,1779295806
packages/backtest-engine/tests/test_portfolio_optimizer.py,458,843a6ec2da5ce261778eb50ac24ea6625e5f614d9e233d00dbe162ca15c13e2c,1779295806
packages/backtest-engine/tests/test_rl_environment.py,467,d34cac8be4754c495996ad246cfc4bdb52d2f23b05df7603d33a884163806ee4,1779295806
packages/backtest-engine/tests/test_robustness.py,495,b0cf842781da10f756045a4cf5c6c8819dfac5aebc38fd8d723a2d9624172c75,1779295806
packages/backtest-engine/tests/test_simulation.py,960,5f3a3bde92f43b451febf3e2ef92098ed78e51cf304c4a1e39a21d066e19a46e,1779295806
packages/backtest-engine/tests/test_stat_pairs_trading.py,446,64af7d4e7ade3e5bedc88c394dbf37cffc388e00d8a5163403a55352dba12af8,1779295806
packages/backtest-engine/tests/test_strategies.py,657,e3d775931896911fee275052443d5843e82f3ef5e37904b2dfa77ec6affad6cd,1779295806
packages/backtest-engine/tests/test_strategies_absorption.py,801,ed77831d20e54b8780a7467d06c34673e418b2acdc14cb67b1082930f285b0bb,1779295806
packages/backtest-engine/tests/test_strategies_candlestick.py,871,53402f231970e5485c41bc6fe3ad6866acab36c68de36f887780e92c9acc612b,1779295806
packages/backtest-engine/tests/test_strategies_new.py,740,7e3ad713a0c48c5c1a94373d4e95dc0bb7f43f8903d9131dd9caea4644b20d5b,1779295806
packages/backtest-engine/tests/test_strategy_comparison.py,508,2a9aed519e2beb44a6b5982cd3afcad73f116f112158eb9ff4f9d2532bf387b8,1779295806
packages/backtest-engine/tests/test_streaming_metrics.py,187,83048ff19dcaaf6dae3f74510cf222dc0b2e34a4e1712b382796ff07c64fd1cd,1779295806
packages/backtest-engine/tests/test_tax_calculator.py,458,4e718f0f1fd147d0368712e7a90b40b7b36f37ae9136c983047eb205fd85b976,1779295806
packages/backtest-engine/tests/test_tearsheet.py,399,cfaeb3ff8a8e48c6c6b4cf57098f3e3d19bbd4cfaa358db98aac670927074226,1779295806
packages/backtest-engine/tests/test_vectorbt_runner.py,368,7e5705711193ed7cb669928f9f1381c67b67e38c91b47e7a37a5ccddcf36a35c,1779295806
packages/backtest-engine/tests/test_walk_forward.py,506,4d815b761437fd84711497f78f6942235f7ee82f99d2157a43909bf59bc05394,1779295806
packages/backtest-engine/tests/test_walk_forward_analysis.py,458,851c2d5265a6bf55a4d89cf7f281d15fff5dac11b2da545337e1ee5a32fe1370,1779295806
packages/chrome-extension/README.md,46,716f4e025dd51a64b8b777672da8d4187e2f63a5c8e0e2eb5c8c35e286d380e3,1779295806
packages/chrome-extension/content.css,8,194076d7edcb7cf701b30866ffe6d45c3102ca4cc819c76e6dea9449db2efd92,1779295806
packages/chrome-extension/content.js,533,a32f9e9c3a6eb532fe10e05df99342c955286dbaf001117328f497d613ffa611,1779295806
packages/chrome-extension/manifest.json,27,f89f89e8b00a10196592d6d16495608b8370618407cc2f06f45d8ac266da1b83,1779295806
packages/chrome-extension/popup.css,353,852ff080810f42e52faf7cd41bed679505f827f4943fdf9586c878557ebf2738,1779295806
packages/chrome-extension/popup.js,337,390c167c96bba7e95a7d303c4eb55fe2a5f9f83a5063faf4a1bdf2e9931a1582,1779295806
packages/core/README.md,47,652d8e0d3dca7772d79160d1e45887d12f38abf5db2fdfd8ae13cced49b6c9a2,1779295806
packages/core/pyproject.toml,52,f1a7aa409fb7dfb304815ae6d9f3641db6f643162817c082728d74db9b74350c,1779295806
packages/core/src/__init__.py,118,6e5dd2d25a734cfa00d8a193e02dbe85817975fec34446a5b59a9118a8395899,1779295806
packages/core/src/admin_routes.py,532,66d5f835900e318f50fe63d1d2ba769bf6318237ce848756f801fa5241d01769,1779295806
packages/core/src/analyzer_admin_routes.py,100,7a8ee2f5f1314431ff776e02cd608ed66862db1f7809e9f43e8f02f7773f43a9,1779295806
packages/core/src/api_analyzer.py,446,7fd2cb0f5ddd7eeca1349d37c93a8ac21ce8575443ccc7a0158118b5f8054962,1779295806
packages/core/src/app.py,1980,7601ab8ea8f62171a2f4b05b8111a73d903ee9b7280d57a2316439bb173ca9d1,1779368407
packages/core/src/auth_routes.py,1261,a55f235d7fc22a48c9869f05d2be0973f1c2efe0bd3bbf4f902bf53bd22983d2,1779368407
packages/core/src/auth_service.py,589,9793116a361dcfed2b6cbb28f45f6d18f8d54360e33db477c3e80466e0ff37ae,1779368407
packages/core/src/auth_state.py,194,b4ef22720fa189d31281cf76af15557aeeea3ad947a45158431ecad0cc770618,1779295806
packages/core/src/backtest_routes.py,513,b355f018ebc1a1d0ee23e172e182292183bd6c75351d1d3e5907640cfbe6c5f1,1779295806
packages/core/src/backup.py,409,cda1e4f5f6821e26b99a5d399f0ec06bc07e8b8cbeaf1260c76bdfeff7c72000,1779295806
packages/core/src/backup_routes.py,132,f2d25cc9bb91b8c348cdc7930d108e44fd2c3b6122e693443b07b7c5c7313251,1779295806
packages/core/src/cache.py,441,cb4a51dacdb50f8cb1bfea822194aad366d6e2ccb6b80bd90dab81a0e4b3d277,1779295806
packages/core/src/chart_prefs.py,358,1c09ac0412a04014317c42068b14c6215f0caac1bf675467dc609e93e32c237f,1779295806
packages/core/src/cli.py,75,6f4ba143b11b69fcbbafe49f9273242005facde492dbe72445d50e9454c68e53,1779295806
packages/core/src/config.py,102,a77cef29b8f4dd433939e38a98a13f4998f4da004f781cc38552756a27c5c4f0,1779295806
packages/core/src/crypto_utils.py,415,a57fd9aa33f016cf988dc30c0f090020c025a56bb1661212070c58e18ae5f5ee,1779295806
packages/core/src/csp.py,235,15039dd04a8e4c89ccbec82172fb3daa04119b05648153391c22a89d8634d136,1779295806
packages/core/src/docs_search_routes.py,426,cc48617c08ab98ba955c83da5df3cfb62aceb74deb934c879b42308d466a8e83,1779295806
packages/core/src/error_log.py,338,d3d6ceb362339689964307c823499207523489053dbc17e8d5c7153a8df4f962,1779295806
packages/core/src/event_bus.py,268,d72e6ce1f4e3b7ce3ef0a1a52e096f37c9133bed9acc01ece48c2a7b8cb7a083,1779295806
packages/core/src/exceptions.py,39,27399d22d4b67c7771c6b423abf49353653062fa402878af69c3c0b7e1a4ef94,1779295806
packages/core/src/frontend_error_routes.py,110,1b7dea1b5e5a87351f46fff2dee52a1016efc1e66415e4153754f0644397d53d,1779295806
packages/core/src/health_monitor.py,628,318c229cab57d88941f33511e294777574a2f748219557c209395d79195ac7f2,1779295806
packages/core/src/health_routes.py,147,f047776b0330d4428cd4ad25becc02ad653c94d587c31fc32ef91075c45fc33d,1779295806
packages/core/src/http_pool.py,270,85f3cfbe37db3337c97f86967b60f6776fc0faec94fd9ed94edaaa6c820bd69c,1779295806
packages/core/src/indicators_routes.py,330,1d6b37b29df1dd222162e2d76023fbbb4dc732843c2e8bbeb64f477482026e01,1779295806
packages/core/src/infra_routes.py,327,1f719ac92bb20183c7f055e278837e50e2dc70873d35cd353a3c0b209c993862,1779295806
packages/core/src/ip_whitelist.py,421,e357f78584d16bc939515cba31a82fb5b36773b766ff639114d85719901b392f,1779295806
packages/core/src/log_stream.py,250,c4ae338c1c481c5b13145e586f480d8885db6ac0ff36b8f832996eb069937282,1779295806
packages/core/src/models.py,481,80e74f6c2bb8c9df5b72755f625362b4fa2108f4de1d2e7e5b59cd74ed86bd6f,1779368407
packages/core/src/monitoring.py,474,bfb4b39db085429050d71c719f9f425366249d027f46d956fac780b8ed6b91f5,1779295806
packages/core/src/monitoring_routes.py,176,aef354f8a4ab2fa7514ea7f005748fa91304d3b313616aac7bb5410be4ee5206,1779295806
packages/core/src/number_formatter.py,244,0ce4acb218cf65169bceea068bc30a1de57aec07413b7b8dd8b1a848e9aee4ba,1779295806
packages/core/src/openalgo_client.py,780,e0f6c074286c5dc003afa68d4e4a3e2e3febea907a2c5cb1c328c77e765742eb,1779368407
packages/core/src/operations_routes.py,1004,dbd126d68550bbccdad793e962fa8e7d8aeed01746595df7413ea0a21dc788be,1779295806
packages/core/src/order_routes.py,675,938e3960204d62de73329cdba16ecbade7fee79cba857fca7974f01e0d28b36d,1779368407
packages/core/src/plugin_loader.py,450,5f5e8b3d1724f198e113c22bfcab480d731ce3252d627fe496863e8b6c33e8ae,1779295806
packages/core/src/preset_routes.py,489,447e2d33f9c86fd657f584055294e025f1765c87b3734c733304c090209a4920,1779295806
packages/core/src/rate_limit_admin_routes.py,121,6e40a5485fa71d31e3a9290d7d025f6466e22c93eb77ded4fc681abe23f8a929,1779295806
packages/core/src/rate_limiter.py,523,496e1173c50115c3f1ffa540bcd6e3449cc2adf273ec08867997f2979bf4c565,1779295806
packages/core/src/security.py,311,e53a5cae191974739b2fff106c9c9095602d30417226a11eba24d5bf25b27c6e,1779295806
packages/core/src/security_routes.py,187,20caeda6e7a329946aff2b4c446ebb49033e1f9e3fe1a488af5fc1d74106c9e8,1779295806
packages/core/src/shortcuts_routes.py,288,725019225be21569a8df676f1212ac37e9c8497c64a9b7193687c87a036e57a8,1779295806
packages/core/src/symbol_utils.py,366,5bc4be6e7e128a8774ec9db96e92624cea6c7341caa7146101a8ce5adc7f80f1,1779295806
packages/core/src/system_metrics.py,133,ecd7bd4c4b8e2df4a15353022cb64095e8d1a2391749e45f8d93ba7c887a073d,1779295806
packages/core/src/totp_auth.py,430,5a6cc135b2aff5897d715930e1047f8f6c7e4d28e46bfdfb90a0157af73bf91b,1779295806
packages/core/src/traffic_logger.py,402,16b9dbb6be8c3224dfd5cb809977cbc7faf8669c51abee9a988ec1ed9d73a854,1779295806
packages/core/src/user_manager.py,240,8d8052c80383e203a7e46290128008781d0a035df9f73472498411a0118eb3ae,1779295806
packages/core/src/user_routes.py,175,0ad34ccea9d8010358c7b4c230360a49581e237fdb8471b9862413fa72d107d7,1779295806
packages/core/src/v1_compat.py,312,ba8c6b7926fb21e22411bdde7a45cca1d499d482b66661033da726af32d78536,1779295806
packages/core/src/workspace.py,214,59c9b20129e3481a11bcf9eb5a32fe8911edca40f37b72ca03d6f79be73c44ab,1779562560
packages/core/src/workspace_migrations.py,340,6f4b9c6141c0e2a5fa175101c9f6d891e4d2e7ed57d3ed300d00221dd3b82622,1779562543
packages/core/tests/conftest.py,30,fb98de13f5e73927aaedf81b24c44efe3ad6f5eccace2b66f5a5d00f3bc364fb,1779295806
packages/core/tests/test_admin_routes.py,147,93fbc63874da1c7c65421c8c9d9ff82e0aad1960334611a2ad2893587ef1a4d5,1779295806
packages/core/tests/test_analyzer_admin_routes.py,191,af609da5fc868aa44a24e1c18826e93f1075e1c40aa2787780540f1c7dd56096,1779295806
packages/core/tests/test_api_analyzer.py,290,85bee36db8753e10e726b5c946fec7511b11fd6aa5717167bc7c847cc2c1f670,1779295806
packages/core/tests/test_app.py,394,9aead4edb5dac0438fe012fb72a01e6e8d475f21e6eea5d71ae133042d4a4ab2,1779295806
packages/core/tests/test_auth_otp_reset.py,451,f88cba9707403d889ea179e111a5216f3d9cbed83b3e274975b6bf8351f1712d,1779295806
packages/core/tests/test_auth_rate_limiting.py,225,32cc7f7d6d2ccdd75881e97344cfbc8bee05a1a460e5f4ad459cb9449f769658,1779295806
packages/core/tests/test_auth_routes.py,305,7547336f63da1aed8d9e4baa20ab6bdd95e023dd7cf037073451dd043dc5a0cc,1779295806
packages/core/tests/test_auth_service.py,284,9e694d942364bf46570c1cae66e94a7ce91c8090576df1a8ba17c0ed2c26b6e2,1779368407
packages/core/tests/test_backtest_routes.py,168,a7b67a8ef1c81d2d95c9207a8029fb00ba3138c899bb215df7c8cc0b210d3e8a,1779295806
packages/core/tests/test_backup.py,220,fed9b50ac366630b4d5f0e1f72ff9cfc061d10f2fbaa525a0ebb763f5278de2e,1779295806
packages/core/tests/test_backup_routes.py,182,349ac36c159ef42528dfc8b20636f5dc593fcde031edbeb4f9dd3fb9af3cfcee,1779295806
packages/core/tests/test_cache.py,332,d652c97e93d7aea20bcbfb1954ab88de221425d789447c28169680810c3bc498,1779295806
packages/core/tests/test_chart_prefs.py,178,e9b633af0339ffcb72bf594cd6d619150a15ab11eae330972e1a38ba22550549,1779295806
packages/core/tests/test_core.py,540,8a96a487877e886de22060ce0d3b375963e8f8e20a96818b81ff9d796fca24d9,1779368742
packages/core/tests/test_crypto_utils.py,347,5e16a70319a9f8ed4e3d3a43bd459d60ac705143aedcaea6adcbc28a1de5fadb,1779295806
packages/core/tests/test_csp.py,180,53a9139e661c6a5ddfe734da4b868300c237a434cb34b7eeb0e8eea96b4b910e,1779295806
packages/core/tests/test_csrf.py,201,d100b18906777f6688bf73a4b5e04529e830017a2bb9434fb9bf2ad81ba773a5,1779295806
packages/core/tests/test_docs_search.py,241,9e0f41e0a5618638579a882e0f95050509d2b67e67a627ec22126e1831a10608,1779295806
packages/core/tests/test_docs_search_routes.py,112,7ab3914537e04c2556ce7c6bea9a32f8e41d9dd495e953d7d509bdf73356e041,1779295806
packages/core/tests/test_error_log.py,462,522d23449291fad0ac319138cee7a1abaf170dc4531b2e07260f5b763556e325,1779295806
packages/core/tests/test_event_bus.py,288,4fb7e2ebc4d6c2942cdae7a7483fb38bebda563e29833d8310096a1e302f408f,1779295806
packages/core/tests/test_frontend_error_routes.py,102,392cd62aa94a0cb0b6acd5e7d3eadc194d0fda67f8ff3439bc723f00a1807f0b,1779295806
packages/core/tests/test_health_monitor.py,383,655098fc7bc4749ce6cd50626be3c14d018b07b83282d4401b3e0d1f2a9f59e3,1779295806
packages/core/tests/test_health_routes.py,237,9e1a0f664c9a90758ed6e47a9d16c379d5356c27ba3bd597bd752cb0bb519f61,1779295806
packages/core/tests/test_http_pool.py,237,92c8f31202d1ffdb899b3e07dd993ffaa15803ebddbfdd4ef023d4796ca8d212,1779295806
packages/core/tests/test_indicators_routes.py,199,4e5b22d49a80af96a686155de7d35207a9c26ad6bd350776369c1e03d8a3ce4d,1779295806
packages/core/tests/test_infra_routes.py,154,7bc2983b2900b75c73fe7ce54d24f0919e077d798f3a4b0a18a739589293c971,1779295806
packages/core/tests/test_ip_whitelist.py,186,4d64d13d42fe69b7b382529105976cb1ca36578910dd83c94d5a054361d101bb,1779295806
packages/core/tests/test_log_stream.py,249,6f6f47cd74b913b2bd7b7893196a3898d12f7121bac492f52f4dda6ef656a9ec,1779295806
packages/core/tests/test_monitoring.py,210,bb9503c3bfef882113db940eef66bf6cb0243f18a11cbdee53dcad4405514192,1779295806
packages/core/tests/test_monitoring_routes.py,106,e5495687da50a887133b6304eed1a607aabbbd947074b3a42df122451a83ca7b,1779295806
packages/core/tests/test_number_formatter.py,171,7b5520a10f5ef79a5cdf1f69a7a251dfe8f7cc0a2addbfd252359ee9eb182298,1779295806
packages/core/tests/test_operations_routes.py,308,05da49a751ba929b2acccf336503717bdc88766e70084cd9aecca1ef2d67226e,1779295806
packages/core/tests/test_order_routes.py,757,ba7b06f6619cb45a6493e35687c0d79fc2fa13b342571c0dced1ad1e42b6e2b2,1779295806
packages/core/tests/test_orders_contract.py,173,b388b92c974b7942bf98bb41bac8758b12b5352b06fe28ef8e43634936e54940,1779295806
packages/core/tests/test_password_reset.py,279,1015c13b332b6cafb09cd0e2f3b3f7f377e30cdb415ea6edb89b87a284453b5f,1779295806
packages/core/tests/test_pine_compile.py,180,609d008dbd86a9d4d89e5335982d9a92326982e5ec2fc71043d384239d1e1873,1779295806
packages/core/tests/test_ping_route.py,64,ad67addcdc2c6dcec7229183e7b07990c7ffc95ce9e4f6f5c7a76dfc352c0126,1779295806
packages/core/tests/test_plugin_loader.py,288,07b3ac3d669b6db7d57e16082d2b61f1fd933949d4452aea501cdfd83f64dc42,1779295806
packages/core/tests/test_preset_routes.py,495,0b0f3ff3159eaf412aa4bb0caa3c95160294da7531a3d94309a612b0cb6994f4,1779295806
packages/core/tests/test_rate_limit_admin_routes.py,194,9282e550abc1c8bcfb20e5f3c7c067c2eaf5620c391f649c35468d6d1a2606a6,1779295806
packages/core/tests/test_rate_limiter.py,272,82340495ea0e0ce18ae2adb10b259b65199e53269cb80ff4adeaeb375e9166b9,1779295806
packages/core/tests/test_security.py,196,b28ab18e48c1773703ba63efe91ff3de36251b4df6b5fbd045671b88a2be9526,1779295806
packages/core/tests/test_security_headers.py,93,bd2bd969b6ba02ab5bfe431ae108f977c8bf92ccebd6bfc97070b98f19d115d4,1779295806
packages/core/tests/test_security_routes.py,149,5cb2ce27eeb287b1958e2f0107a8aab7fe5133c39bf0a50255c468e20a64100b,1779295806
packages/core/tests/test_shortcuts_routes.py,211,8f215f4e92500382c8dfa17bb10cbc884758b9132df1bdd0b600e86d9309bcc2,1779295806
packages/core/tests/test_symbol_utils.py,251,00f74f2e655631007281b461dbfa46d7578b2f69a6b111f95099a69cb3984151,1779295806
packages/core/tests/test_system_metrics.py,240,2f0630a5abba5939ae2d18d5f0463ead7eab878cd5cddc9b22f6559c5884136a,1779295806
packages/core/tests/test_totp_auth.py,274,6e92fcdd0788ba57ed5f39ac25475f2028f6df50bf19202c88ed6ab5310cc4fe,1779295806
packages/core/tests/test_traffic_logger.py,238,0ec47edb472cf1f6a48f534f565efb0c4f5d7c4809bfb753c8057a1cb3a4ade1,1779295806
packages/core/tests/test_user_manager.py,151,198ea0b9c825587e08006d483e93e9a29e3214a78e82b280fe70f5aae1febb5e,1779295806
packages/core/tests/test_user_routes.py,214,c8e266c5fd81254f81f0b8a40877264163e3ff985a6a26fd03bdaf95c4edd01a,1779295806
packages/core/tests/test_v1_compat.py,277,a041bed49c8a75c957cc6408cf12b2f187aee55f1bc6f144d49d15c315e6530b,1779295806
packages/core/tests/test_workspace.py,137,3829c5eee0a60ffef68d5feea130422630a525cb8b510f9a30e688c94886945f,1779562580
packages/core/tests/test_workspace_migrations.py,209,8d0e72a7cd4ee21ebbd31ab8e34fe4256804393f6d5bdebf1e1f7bf550613a97,1779562451
packages/data/README.md,46,d1118b1a0de53c16eb3eee42bb79ab96f0a992175b76048656f233b2b9b7db3c,1779295806
packages/data/pyproject.toml,43,d0a5f4b6f6c9e0c5058666a7cf50814e3152aa3c2b86cbe4d8014ac39afed70e,1779295806
packages/data/src/__init__.py,50,c0aa13f43a80c3b5f1f995f4824cf956c40cc6527d3809f4deb3af16229d85ba,1779295806
packages/data/src/activity_log.py,658,072cdca023c3a80e34e8a25260a17efaa00c67239913af5dc83b95fb3279490f,1779295806
packages/data/src/activity_routes.py,88,6e094e4beb45690fd3513f20cc7545fd33bb9bd1ea9760c6b88da0841260f00d,1779295806
packages/data/src/audit_export.py,401,b91677c44efc0afcae76ab12d206b99fdedf3bc14a4c8d5cc3fc661b6b172abd,1779295806
packages/data/src/audit_export_routes.py,151,88598ee2b8435f7055ec6b0e189aee9383b8c31465a8a09b88f1057fed8121cb,1779295806
packages/data/src/audit_logger.py,260,9efa3c33b1a4131267500ab42b44f755d06c5c7f62af2a92bb7c220c7f8500fd,1779295806
packages/data/src/audit_routes.py,266,63e572ccb828e350bce16b4bcce0d8e5b6a93b71d7f9e621fa4f2dc44ce8a917,1779295806
packages/data/src/order_analytics.py,444,b63e024db46ca914d79270b928dcf6d53899e1dcfb03cc6c5760ff371df2345d,1779295806
packages/data/src/orderflow.py,254,1ca28803c1dea1318b68aa092a38484fca7d0b8952819e6e5c0f44683170baaf,1779295806
packages/data/src/orderflow_aggregator.py,470,2e29b6d08e5d94b6384701528cc2b259f78cc0fb1d57d843299284977841a852,1779295806
packages/data/src/orderflow_routes.py,295,ca1fba88aa2885b021c2ca1658e8b91dc28d25f79d97bc7b44d521a5cff2610d,1779295806
packages/data/src/pnl_routes.py,86,46a56e043e572e6142cb16983b734762d4a4963f67a1f089ddf207a57c96bea7,1779295806
packages/data/src/pnl_symbols_routes.py,161,aaf738bc5c659e1a3216795ce1a47c970bf742fb4cb16cb89a0051f4e454f962,1779295806
packages/data/src/pnl_tracker.py,244,a163bd13fa4493427bee84ed92c646701758b0612345ab514b1b68d1f4fb74aa,1779295806
packages/data/src/questdb_bridge.py,390,efa8d5372cfdc5428343705e6b96263b98f8ba90abb85eb96d686b9cb59041de,1779295806
packages/data/src/questdb_client.py,877,2571dde4f6b3aeb9d9d794907331a60a4c39a502b066c1724980a7396f50041f,1779295806
packages/data/src/questdb_routes.py,222,9e8f52a9a1e195ac8a70d5a82989b62bedbdc917711e92e1b6ad3a250f18945e,1779295806
packages/data/src/sandbox_engine.py,829,d536bce63f366544d6b2e1b8d5df2fa5f2fc32f9741b68a8b79c0531746adf11,1779295806
packages/data/src/sandbox_routes.py,325,86138adf007a2be829b9f951bbc9e62fc10d7ab4e4d2f949781105cdfcfc10b9,1779295806
packages/data/src/security_tracker.py,349,9bf3f550c1493b35eda97b799e319ab67c1e328f2f5cfb6a265040645657b88f,1779295806
packages/data/src/storage.py,390,6774471a705287e533db9be493b2406af9b35f44a2f1afc41b476a28063621f9,1779295806
packages/data/src/tax_report.py,406,19387b80a80aaefce266d4de50214489a273591eefa91df9b5fccc9ed874c01e,1779295806
packages/data/src/tax_routes.py,160,8a2fd685e20344d80f12793ebac8ac97073ea072a0985beb715f2163fae3ef88,1779295806
packages/data/src/tick_recorder.py,252,903eaef48bf61d9ec22d14926a5ee14b84f950b21be47561f7473cc1e73148d0,1779295806
packages/data/src/trade_journal.py,852,a83f8578e992d19c15296360cce03a648536263fbfdf56e4335c40b3ebe2eeef,1779295806
packages/data/src/trade_logger.py,239,d1facc14a220f1c78f12947a68503bef7a60593e99b2c1a877adec85654eb04a,1779295806
packages/data/tests/test_activity_log.py,294,0bf17e6aae1425ab3fb18fd2c9a4280bb24b64c2b56f271efb8bde5a64d2cf00,1779295806
packages/data/tests/test_activity_log_routes.py,333,33c8cc03acdb095ad02849f84f5190dccc26e5ea3c6329f544115954557aa0ce,1779295806
packages/data/tests/test_activity_routes.py,202,5ba0e842104f7cc250bfeea2265784504c628b5483903c468374bd1c864e572e,1779295806
packages/data/tests/test_audit_export.py,264,0aeda59304d19b443c97b9e691d7dd7c002c98a42bd3268170f35e0081b24568,1779376288
packages/data/tests/test_audit_export_routes.py,200,1aabf77ccf1d590a0750e702e577ce689cdeba52b7c03b4d08e0b24441e296ce,1779295806
packages/data/tests/test_audit_routes.py,130,f934237bee021852e80f8defa38e2b709072d91c4fa10e728243516bfee6a868,1779295806
packages/data/tests/test_data.py,680,e3e40b6f16e1349cefb2217bb187da5f995646a6e1e1dfc98de9ad58f734cd4a,1779368407
packages/data/tests/test_login_activity.py,394,dadfc65cc27e920ad0c04c54f951b4ad0d544fba91faf59922a0d3445c60f92e,1779295806
packages/data/tests/test_order_analytics.py,539,ccd2ba14774b22eb488e7fd6cd1cfc1df3c46cbaf7ca9da3da672153ed192f61,1779295806
packages/data/tests/test_orderflow.py,345,4cd1c4f5753d5756f80dc6f31c2ea72a0b0d00c51554f67da091562af96931ab,1779295806
packages/data/tests/test_orderflow_aggregator.py,453,0b28a25057d3dd45ac9cd10fccaf79562538c7ac292c9c9e6eb90db26c5ff93d,1779295806
packages/data/tests/test_orderflow_routes.py,93,ea0b8af12364abf8beb02fe5ef7ba6b6caf396e1f024caf628e4c3a458ce1bb0,1779295806
packages/data/tests/test_pnl_routes.py,144,7e3361f168055202a3ff921809d371775176080a960ad6fde89ef68bea811ea6,1779295806
packages/data/tests/test_pnl_symbols_routes.py,102,0b1a889af5f5d0f5549ac2f09dde09c45b69634907aac1fcd55dbc3592f08f1d,1779295806
packages/data/tests/test_pnl_tracker.py,129,0cf64ad1648bf10dfd34cbfa257e21b0111e3a6abd83017c647f25406ee6ccc9,1779295806
packages/data/tests/test_questdb_bridge.py,248,5230bdd3f77abb533562f72133c92b66cb1c73d3b764328001ee7d047a857fcf,1779295806
packages/data/tests/test_questdb_client.py,500,f6a3b3b1a3eb1a66f3b8101d5d68dc2a3f41a947cc7a9a3b1d582ffc00c4dafc,1779295806
packages/data/tests/test_questdb_routes.py,162,659d0d11e21c10d32fcd41f15dcbf558e86b2c1803c355236d40e7bcc10068af,1779295806
packages/data/tests/test_sandbox_engine.py,421,fe0940620ea9a10d4843c5b1b32c3f0275ca22bad532fdbf43d8f51297ddda5d,1779295806
packages/data/tests/test_sandbox_routes.py,212,6b71462ba37ec244d33bce094e2285b66a8bf068e06d67135071caff10000e5d,1779295806
packages/data/tests/test_tax_report.py,361,206607f0fdc7f8c3866b430a2227d9cbf94e59a5e503b32080f1df773ad74193,1779295806
packages/data/tests/test_tax_routes.py,150,f187e16ed0ef6e75376cd106292e35e4ecd747ad1b2d34bc86e88afda99b704c,1779295806
packages/data/tests/test_trade_journal.py,472,450b887b0493f28fc6ee0116bfa69600fee96e5c37782eb4513a1c4f1684ed1d,1779295806
packages/desktop/README.md,46,6babcc8227c6ffd04674920a545fa887f18b7bfd3eab6d401e79c96f53f3a8a2,1779295806
packages/desktop/package.json,15,1a2f1021dd996dc51be95b5d5ec0d57dd0daf7d7e0552e7bc6555ccbe32e91d0,1779295806
packages/desktop/src-tauri/Cargo.toml,64,475d0cb55ea4446bb969276c791880e19557bc637e7cb66d02c5dc59229ce9d6,1779295806
packages/desktop/src-tauri/build.rs,3,487059eaf8a947b80f20a9aacac038a5047b2ad69d2401b827376c67d6fe847f,1779295806
packages/desktop/src-tauri/gen/schemas/acl-manifests.json,1,db7f336a59d82642d71d71729f1cadd9ed7bc454f94a054afdb0d7e4a854d123,1779295806
packages/desktop/src-tauri/gen/schemas/capabilities.json,1,44136fa355b3678a1146ad16f7e8649e94fb4fc21fe77e8310c060f61caaff8a,1779295806
packages/desktop/src-tauri/gen/schemas/desktop-schema.json,2564,390421a9840067d5b6e3e07fccac48bc9fd52fcab915177f81d88f0e04c529dd,1779295806
packages/desktop/src-tauri/gen/schemas/windows-schema.json,2564,390421a9840067d5b6e3e07fccac48bc9fd52fcab915177f81d88f0e04c529dd,1779295806
packages/desktop/src-tauri/src/keychain.rs,222,aeaa5105c86d858bfdd782094ead6c1b591dcd436fe0e8f81fe9a1f684bf8340,1779295806
packages/desktop/src-tauri/src/lib.rs,85,36ca25ce07bfc67ea872cb690c81d941bd14225422e79c0e3082fb64e165dbee,1779295806
packages/desktop/src-tauri/src/main.rs,6,b0fccfaa97c7be8cd57f9181b111f14a7f9d54d57b1db80b44169e1e596c302c,1779295806
packages/desktop/src-tauri/src/scheduler.rs,408,a74d6d4105fce81da140eb28e774da560c5bc0327781f2e45cc6234bcf7e43d5,1779295806
packages/desktop/src-tauri/src/webhook.rs,417,44dfd9b6cb9a0cc1f46778819ac54a94c593a09a1ad2bad25cb2345857f3d3be,1779295806
packages/desktop/src-tauri/tauri.conf.json,37,1dcb7a4ba6da435b77fb90fd4267cd902ab4e79365994fdcb812f81cb23bc9c4,1779295806
packages/ditto/README.md,47,2edb8554837feaf3ab84befd63fa6bbe16dc1416886166d7bc8ad45cd5f5fe6a,1779295806
packages/ditto/pyproject.toml,40,05ae79c23ecafd0bc4a0282c054f2b8da66db2ba5921e4b3ff94df2fa9921b70,1779295806
packages/ditto/src/__init__.py,56,18ed5cc9b6b1a0ab5ca5f49bc4a47f0d423694b1eec0eb713e4f0900f8da9a9d,1779295806
packages/ditto/src/account_manager.py,322,543b520cdcd5af477c7990b34789957907c3f4708eea293202f17e1e704c2588,1779295806
packages/ditto/src/margin_calculator.py,273,b415ed3bbae399abb164fc9d4f5e06e6c90ef22db4da992a2440dbd46e24cb9d,1779295806
packages/ditto/src/mirror.py,759,601bbf84dde79e44575df7cef676051136dfe0b7446c7bcec20da1e85bdff437,1779295806
packages/ditto/src/risk_manager.py,538,f86de9158a2ea7e5cdaf78146a04878e7aa9d9160cd529ea487ca8c3ef10a3ce,1779295806
packages/ditto/src/trailing_sl.py,393,dbee8ce33ec9d0b6bb199d2ef4357eb27531433f770ae7bfcb2cbb94d9640ae5,1779295806
packages/ditto/tests/conftest.py,19,4855b10c2758bf3a85ab3fefbd22d755bb47f559179fbad9612bbeacf5ad1e15,1779295806
packages/ditto/tests/test_ditto.py,843,cdb6351205639480535478092001857b6986ef65818c8c38aa6ad704575dd2da,1779295806
packages/ditto/tests/test_mirror_modes.py,409,4ca62c70dbe3478a0a1067e4016c792c3c6dd4a62784d7b662be793c3cddc28c,1779295806
packages/ditto/tests/test_risk_event.py,318,0bcfae7de054b2b810c33a083b31e8130593daacc1b9b03f895dc1521442706d,1779295806
packages/ditto/tests/test_risk_manager.py,181,5b9773cb35fa3af11cfa0430597d10d4b2437698511ca1435bbcca927972377f,1779295806
packages/engine/README.md,48,1a8d2d33e5b99dd77ca2a09bbfe44880210dd880d5a1f6b5c3ba26d03bc03400,1779295806
packages/engine/pyproject.toml,37,7eb40751c0fc8092ed6316f90d3afbcf36a8a86c310295ab8d7dee5dcc4c23c2,1779295806
packages/engine/src/__init__.py,86,b2f31deca98ee24b4b940d0c56586113ccef973cee9279ecdecf387e26d35d5c,1779295806
packages/engine/src/_sandbox_child.py,285,18cade9e92f73b6383208bad2e0a97ec08649840f367829aab2860e6d5e9b3c8,1779295806
packages/engine/src/action_center.py,740,b05232d0a9a74a15e4ef31fd2f0707d1e74b065026db667823fd6da091b6d53a,1779295806
packages/engine/src/action_center_routes.py,319,9b90bd9e19e2fd3e707aa4c8b360ace3298c03a3d2782800f95d0ab0ec2f3055,1779295806
packages/engine/src/basket_orders.py,472,1d2e9cc6f595f49270612a442f2a288417243affb0593c7bbc57c5da8755cf9d,1779295806
packages/engine/src/bracket_order.py,657,c164bf1e69d903288e17a0ab70ea23f93eb887a385e8164fc8d755edfd2d24e8,1779295806
packages/engine/src/bracket_routes.py,204,8554afd92c32637f348f9c0718cdde69e0cb971255ff2a6a0b2afc8a017ea5ce,1779295806
packages/engine/src/forward_trade_log.py,148,f4893cbe15a6d657625783f91a8a5f08ab3b71e8ab362e722305e64cd02387fc,1779295806
packages/engine/src/latency_monitor.py,405,1970782bbb5112abdde45056c6fbb4d15efead84da63c60b7b60dd55715409a4,1779295806
packages/engine/src/leverage_routes.py,118,2813acb71d87f7b8998c7bc3bcbfeb72b260aff97090f89397220834bae68bc9,1779295806
packages/engine/src/market_hours.py,264,9cc7261593979db9c76f923c8af68f2aff28b3e9666901accc2288803fd118ec,1779368407
packages/engine/src/mode_guard.py,240,5dff4ceb21ad1f2f8778a27f22feecc8c5aaa238de864870076e92b39427a9ea,1779295806
packages/engine/src/options_multi_order.py,444,51d9102e584cdbea72892c5f978792f0b2f5692c48b9f755849c2cc40fc478e0,1779295806
packages/engine/src/order_routes.py,528,5a9c90cc3231e107c84276419d48804f5336517e936849dda57511c46362bb47,1779295806
packages/engine/src/param_extractor.py,318,29d6313c4f1b2d5902e3a21718f09cb71e13a6cf1ed2021c9f6fc31546f57499,1779295806
packages/engine/src/position_sizer.py,201,cff64cc94e8164be7367e971a867248f19e9f91cd7c73fc9e389367b6c333f48,1779295806
packages/engine/src/position_sizer_routes.py,116,58083d120502233c78f3369d696f3e97a74290afe631245b4d7df05eae98c989,1779295806
packages/engine/src/position_tracker.py,849,cea07229fe96f86dd4455664d344e8352bb1cdf6729d781e8e43813d6009477c,1779295806
packages/engine/src/qty_freeze.py,440,691dd69e1117244ed1afb4e3d91d5ed462c7c6c34b4cb6ba5e2d4c34d639d281,1779295806
packages/engine/src/reconciliation.py,579,ce7edf99e569d9c78156ffee859195db8a8259c9a90469472c282c371de33e45,1779295806
packages/engine/src/router.py,515,c00edbe720c9407a6e5b1ce41891e2d1712b9073d2a37b7f1a457f76d9c1ea50,1779295806
packages/engine/src/safety.py,1063,59f859acf70b92601389859bec013ad0c084a1f1dcbfddf2a380d31b2be4ccc9,1779368407
packages/engine/src/sandbox.py,891,470a78be12d3e43840aca2eb1a47c85e437771a7a9172ac1384b22713bbc4a10,1779295806
packages/engine/src/sandbox_executor.py,953,a821d3e9ffd7dc8858a91f45f610eb311191f9f4e244ef85e3482a518064ab45,1779295806
packages/engine/src/sandbox_routes.py,250,5aa56dd2b86145b849ba1d7a752a62c4b783193aed769c4a77ace0d0cfe0a6d2,1779295806
packages/engine/src/scheduler.py,894,4dbbdc504a27db09ea2507af81130a805892f98b8fc62bdb4da18621d38961dc,1779368407
packages/engine/src/smart_router.py,520,308a74041192fffd9edc3cfc6eef59636042940fb1a86da03597b9d84201f782,1779295806
packages/engine/src/social_trading.py,743,ac02361152c431fb6473b07807d6c03cb4ae3a9ac1c8d59dab8315a71721807e,1779295806
packages/engine/src/split_orders.py,424,00775cb705966c9b24577b7ad782b315dc298f60886aa3cb0dbf8877a11a9a5b,1779295806
packages/engine/src/state_manager.py,692,bb0b203d4d3ce5dca05917365b3c3eb119ef2f9fe9d0fdb0a7ff2db8dc2d3e5d,1779295806
packages/engine/src/straddle_strategies.py,923,a8857df144d1842939c3e9fecb9b996ef4f0b2b1a2c7527db1727b434abed724,1779295806
packages/engine/src/strategies/__init__.py,6,6f1d671201809e368484dd8321b5642d840669a287899139698896e3cc9c872b,1779295806
packages/engine/src/strategies/ema_crossover.py,160,018a119f0242f8bb0e8c3f46b456b782a8fccf0b203fca4e41beede4a7a44148,1779295806
packages/engine/src/strategies/wheel_live.py,659,b1d5a0ed7b49819f19f301af466c7297d1f65fb0db0147ec36e637f8bbd8dd6c,1779295806
packages/engine/src/strategy.py,356,5606b62bc2472b6c946681c489e3c4880a713ef07c84cdf86ad68a66030e55e2,1779295806
packages/engine/src/strategy_hot_reload.py,553,572b136081527a28e481b388407c28836af6492f9923eddb43db4f2b18a8a564,1779295806
packages/engine/src/strategy_lifecycle.py,587,a6f5c9fb4dae0b62946396c56db8dac7791e1a165df83be7ef32adf8bdd2d4dd,1779295806
packages/engine/src/strategy_routes.py,516,921c350b42a0cf3264b247c1c93fffd3728e9c2c381728bd53da3f4266903e23,1779368407
packages/engine/src/strategy_runner.py,777,aa05a2c3861a541eba08ecd649cee37d0443114908fcf919f0b936a4a2d33ce5,1779295806
packages/engine/src/swing_detector.py,622,1672d4a33565e366e83c18259d7f78355d7bd0cc68017694f65ae3d75abf2f84,1779295806
packages/engine/tests/conftest.py,68,062af8c3a977ac9f1e94118e28e75214511e7557ffe9a223379c21a8b4e67771,1779295806
packages/engine/tests/test_action_center.py,328,6a1f136d44b220304a235e0331a16a18a6344fc7bb757f523f2bc01389daf089,1779295806
packages/engine/tests/test_action_center_routes.py,252,b48b52dc6079cb3a24024a6e3ee0a677e0f8bc98bffdf7f83769b2118b5498fa,1779295806
packages/engine/tests/test_basket_orders.py,316,f3841a9005028029a741eb4aebe52b6649ebec41e0b0d3c999a9dca878903e68,1779295806
packages/engine/tests/test_bracket_order.py,301,65b82ea6cec102e8d41faf39c0b0722a81c03927671638745f3adab543e300e4,1779295806
packages/engine/tests/test_bracket_routes.py,255,2f1de05135eeda66be6a8ed7527952c0461c40e64161d4e9345c3bf3e7a2402a,1779295806
packages/engine/tests/test_cron_scheduler.py,586,8f1630e7fba90552f7a333bb4e108f2393aa98a184df457c85404a66c7ea044d,1779295806
packages/engine/tests/test_ema_crossover.py,201,8b9c4a4e97483b1154f7123a13b02787cea601033855b0762bd9ba5ae840a92e,1779295806
packages/engine/tests/test_engine.py,1314,dc0c9b0aa5493f4f4f9d7ecda4d7b78ee15e760219b0160f84411379f06a0bfe,1779368407
packages/engine/tests/test_engine_order_routes.py,201,a69ffc4c23b545a4ba64dd824f4dff387ad49a09cbbe41b3955b5f138ae39860,1779295806
packages/engine/tests/test_forward_trades.py,154,84c27fbce011da597c2f8d3a83f23d2121a753e0c38a2e64a53e679e8cfab0ca,1779295806
packages/engine/tests/test_intraday_allow_list.py,184,9f0166d47ad8a3564dfee05d6f37542686b90c518dec1a60f4a9522fb6064b7d,1779295806
packages/engine/tests/test_latency_monitor.py,234,af22f47e455e7771dcaea3a5eb7039d539a0c3fe17377687cd0dcf936a4a9543,1779295806
packages/engine/tests/test_leverage_routes.py,99,3bf837805b246bfccab2e8d0bb9105b1460df53387bce00188ac0bc9057de7bb,1779295806
packages/engine/tests/test_market_hours.py,229,3e3e9a29779dd925d5f649bf56fe99edfc2b75dd7eb8df9b68234608819e7aa2,1779368407
packages/engine/tests/test_mode_guard.py,253,eb0d05cba8a9a4429c4a3c68d020a4b85e798edb680fe1d84dd9c9733ef2b69f,1779295806
packages/engine/tests/test_options_multi_order.py,323,28e1bf3959df509e12f4c6e7e0563979f047b2576af068a1ece0753206c858e7,1779295806
packages/engine/tests/test_param_extractor.py,313,60927bd5fe71bc0c07869611020711d408bf84476154a93381bcbbdc200ef126,1779295806
packages/engine/tests/test_pending_order_queue.py,326,8554dd15283ec14168e3bcad66243e7c107bc6948cdf202e0016d3fbac556898,1779295806
packages/engine/tests/test_position_sizer.py,203,0ac3fc6b17c8c54ecfeb0bf9b998069a35d955225dc1985a11f701ebe3c9d8d0,1779295806
packages/engine/tests/test_position_sizer_routes.py,166,8457d89e93495082976032d837e0393e34d2bbfb25081bd09f03d7a453d6743c,1779295806
packages/engine/tests/test_position_tracker.py,531,7aaa03acd1eb5e4d5eaa49f30ec8e891f0bb77aea9a093fed35918abfe5882fa,1779295806
packages/engine/tests/test_qty_freeze.py,268,c48d656ce5219167db0339538cb85d44b2eed734e1b40245421b1619012fda69,1779295806
packages/engine/tests/test_reconciliation.py,245,ab358427d5a5ba4ee55f8aadd6200bc20743cad93900ba4154fd7f3b00be3488,1779295806
packages/engine/tests/test_reconciliation_extended.py,246,b3a51d9e71fcd5c3b57e4111f77ba4605f75f650a3b4a0d9604ec1e6b28cd06d,1779295806
packages/engine/tests/test_safety_guards.py,336,0efc9706f4a9973a9be42f49b899ea8a88f34f5ab78369a8cded3bed1f2f4db8,1779295806
packages/engine/tests/test_sandbox.py,220,93752869ae4fb901859cc634a738a6d35f2a35c84f3659104a9ae67e2480f6b6,1779295806
packages/engine/tests/test_sandbox_executor.py,603,f327c0ff61510fb2c85e9d215fe122d0e04b579bf20298797a07a2835e047dcf,1779295806
packages/engine/tests/test_sandbox_routes.py,117,32aa403fc36d214b8dfec883349f54c55a2a924377c5f2749ad26e9a5ffebc6d,1779295806
packages/engine/tests/test_smart_router.py,296,47416598f2611fe2cb4427dcad77cf49c7e75ed50818e01f75b90d7c811abfa2,1779295806
packages/engine/tests/test_social_trading.py,424,f8ad443a7fbe7023b777dd87677d3d3e8a3dc465e79afb045b71a97f65b6d8b1,1779295806
packages/engine/tests/test_split_orders.py,267,125ebaea79a4a1cc1ac4f990d2470cd88d649597a906283430ada1062093d5d8,1779295806
packages/engine/tests/test_state_manager.py,422,e1daff33192844f23c65e9c8035ddd1c61617283dba576aafecebc737a6a41e5,1779295806
packages/engine/tests/test_straddle_strategies.py,679,9eff5ba0ed8e6dcb627fd53bf1d408783552ec571af2b87a16298b92a6ea0e46,1779295806
packages/engine/tests/test_strategy_hot_reload.py,343,615d061aac895dbf10e24bb3c14e91a4675f24fb08bd95520b775472af7e74f3,1779295806
packages/engine/tests/test_strategy_lifecycle.py,516,d2f6a0a517e13bb2471f49d23a84e22469001d20e753123966a084868596a246,1779295806
packages/engine/tests/test_strategy_routes.py,300,abed38ddcc6b67269b8ed3232e0b5561c2b5165d227e1407c8c48a20da263cfe,1779295806
packages/engine/tests/test_strategy_runner.py,229,ec8711ccfae8668dba86b6e93a52188d98c9ec74b59f87b31112dbda713309e1,1779295806
packages/engine/tests/test_strategy_sandbox.py,357,5163f3edb5f2d27dfe9e3b2443a54bd3a535972eb4ff1a4205241700a3701283,1779295806
packages/engine/tests/test_strategy_state.py,196,b681da2620e56e0c4a4df647cddacd9c575c76da4675cda5ff46267e1b6742e9,1779295806
packages/engine/tests/test_swing_detector.py,564,cb8660d1ce92120dc1995ee9de0b25893e23886cfd23998849b3a84e021e64db,1779295806
packages/engine/tests/test_wheel_live.py,369,645dc12c93ef5af76c7a0feb7ed9e90533e2992e0ddb35494ddde2a01cf74760,1779295806
packages/gateway/README.md,47,21d8f6472595ece009af571b3c1c0e6ae029977e36fee20305f75d378988d833,1779368407
packages/gateway/__init__.py,0,e3b0c44298fc1c149afbf4c8996fb92427ae41e4649b934ca495991b7852b855,1779295806
packages/gateway/pyproject.toml,37,263177905ba57924f157afdc3bb4a53bcd718ab40f82a2d2b1d866baa18a309b,1779368407
packages/gateway/src/__init__.py,33,513dd960f0aef9f352ac6ccbdb2e8f5c6bfe91785b4ef36913319fd577298db4,1779295806
packages/gateway/src/adapter.py,614,841d02f9643cb5cfb2b1a708c04d3e07fd1fa1cacb062926f67b6f4a05932edb,1779368407
packages/gateway/src/auth.py,465,3232aecadfe5c8ca2c5e503b2124a42037ae7dea7152f957115c34c1bcbb9223,1779295806
packages/gateway/src/broker_interface.py,803,438a645affc6858421bec98bd8b18d424333947f0ed5e7c9b65765bbff972768,1779295806
packages/gateway/src/capabilities.py,431,57c338a9f3de9da72933a8f0c562a407f301670ee088960077e57ea22366b2b5,1779295806
packages/gateway/src/capabilities_routes.py,96,8a227cbfd588965f7e3624c324ea51e055bacf8f080bd30858c50c812625f0b6,1779295806
packages/gateway/src/contracts.py,345,7e34272d104686cd534a08600b59be1204e19bd7b5f5cf5a5ffdea5beb3bc762,1779295806
packages/gateway/src/credentials.py,333,e3137934c0f290a31afe1baed8ebdcfda5fffe429395c61e099f4e2053962ef8,1779295806
packages/gateway/src/credentials_rotation.py,401,0df076dc6085d2ae73980bfe59c408fcd8ecd40c5be68f843d00dde7805f6941,1779295806
packages/gateway/src/exceptions.py,73,c95c0b7866f6ec28071d3b6f1426b3bf948f68296e2d57f982ce6a2b47717d87,1779295806
packages/gateway/src/models.py,111,c8b3428336d79b1abd2ae5c7651835b51d8f3ce298ca299a550341c9509173f1,1779295806
packages/gateway/src/registry.py,533,d32da4d36a11f580513b1e7618d7de80067c116c252fa38919ac28e3b651db9f,1779295806
packages/gateway/src/rotation_routes.py,102,fab93204d79bf0deb4814c90a731545f7f23109107ed0b1cb10202c2dcf05f07,1779295806
packages/gateway/src/session.py,445,1a9640a3a91207884d4c992fb945a1120c14aaee76f4eaabbeecf6669d23efd9,1779295806
packages/gateway/src/shims/__init__.py,9,df17ff0735a2d31b1cfb231c66184b26a5a8c86c9b91ebfd6e39f8324e85f390,1779295806
packages/gateway/src/shims/auth_db_shim.py,41,8885c27f5de5b33bdd7afa07155ea11be9c193d9bd4e550312f81cd0c9f2e401,1779295806
packages/gateway/src/shims/config_shim.py,13,d986b64ea11d846c673cd4b2d3b66c1c05d8e6f2005269d202c9a9046cf42634,1779295806
packages/gateway/src/shims/logging_shim.py,20,ea71900610dc90231f09e20920aae038d49ff6ac6af38b77742177365130d41d,1779295806
packages/gateway/src/shims/token_db_shim.py,79,01457808d734b1c6db37d18a499f7338b74405aa49f670a4307a919597f75788,1779295806
packages/gateway/src/ticker.py,57,eea9c3e8776886f8fbf353db33655641815301bb1d5751bb6d93bb44b5ec2953,1779295806
packages/gateway/src/ws_bridge.py,330,2e9306ba250535bb691575b344b35e2d10d8c227a9d00e3c68040f9903a40ad1,1779295806
packages/gateway/src/ws_proxy/__init__.py,27,05a8c9788d6b54f218a9707e954192782601bf5e513ea4e7289493d02c0ffd7f,1779295806
packages/gateway/src/ws_proxy/auth.py,96,a8eb8ff2b0d8f34c2eb2df1afa159acfcabaedf41b22312a0544c8efd9dc4eb4,1779295806
packages/gateway/src/ws_proxy/broker_adapter.py,155,d5ca5b1529f11384bc1b7230b2b5df393eb0a0a44edfe8ae0f01c575da94768f,1779295806
packages/gateway/src/ws_proxy/client_manager.py,180,5403060a7817c77848d84789b30e0aaab671fad0e2d623e2664c26de4a6f9fbf,1779295806
packages/gateway/src/ws_proxy/depth_20.py,334,a0fdccf6bb71862c70b9910027fd17e587690a3543b687b2309e11365c3e9cd9,1779295806
packages/gateway/src/ws_proxy/mock_adapter.py,294,c4c413e3f200e313113089035d688e10e7c20911024977506e10bd763b404c81,1779295806
packages/gateway/src/ws_proxy/router.py,211,15609c185a9ff3ece0ddaf2f5ecc80871430177c9d7bae74ca50ac639ff25e04,1779295806
packages/gateway/src/ws_proxy/server.py,504,ca8eb75be28a559f2a6d4c0a0e099b78bf2f975bbbc7d2a0b39ac3e19f4aa1b4,1779295806
packages/gateway/tests/__init__.py,0,e3b0c44298fc1c149afbf4c8996fb92427ae41e4649b934ca495991b7852b855,1779295806
packages/gateway/tests/conftest.py,78,166a6050638c0073e7f8b21d7447fbb6d62073f9d393e86fc102d532eae9b7fe,1779295806
packages/gateway/tests/fixtures/__init__.py,0,e3b0c44298fc1c149afbf4c8996fb92427ae41e4649b934ca495991b7852b855,1779295806
packages/gateway/tests/test_adapter.py,314,bf5659228f31bb6e3697f819afd702619595aab934bc3db2119772c1bdb03d87,1779368407
packages/gateway/tests/test_auth.py,469,a73f9c67bdabb17429f40e157988428fd24a99eb72ee9ec6c2ffc810a9251c8d,1779368592
packages/gateway/tests/test_broker_interface.py,561,a6514a028c820cba96c50c7ef8f5e5ac3bc7d5f36ac124d1c4705a625d046d05,1779295806
packages/gateway/tests/test_capabilities.py,173,ff38d08af536e07f6183b277949eb00d557d6bb33fe6bf012a2fa2d59d38b5e5,1779295806
packages/gateway/tests/test_capabilities_routes.py,92,41b5539a0f3e38857d2c3007de22e8e60295bf4fc9df8f9a126d803b269f081b,1779295806
packages/gateway/tests/test_contracts.py,251,7fd0f1bbe2dd28c752c000fe18e86e4208370bc5d8cb4f79b73beae7231bd5eb,1779295806
packages/gateway/tests/test_credentials.py,255,16b1bc5a79ed762d93739e7bea5329a74e92ddd3085ae1e971fd5b2b8217d757,1779295806
packages/gateway/tests/test_credentials_rotation.py,204,c6a4d31d235d3831f49c5b316fc44ac197de43b55b00b02818347e69ff85caec,1779295806
packages/gateway/tests/test_depth_20.py,339,229e22db1c0b164dc10bd609d165abc0a53f1958d3b6b75dbbd26b85aaea3be9,1779295806
packages/gateway/tests/test_exceptions.py,202,b3ab0a59950af313377864b9985059213da96bb319fa6204b5b54bb6efaf6dba,1779295806
packages/gateway/tests/test_models.py,317,fcbebcc63ffe8277b0fe7eebde693b2d3d8ac47a5d955032cb1884dbd1a6cdc3,1779295806
packages/gateway/tests/test_registry.py,662,107501a1ca62ce5b353bba09e57857ee1ec28255d0b3a81405828cd4f0ce1a18,1779295806
packages/gateway/tests/test_rotation_routes.py,130,bfc75b96bf87e83fe3f7a624b9a3c034479ce4eee1fc3303c6988c6e6611e4c4,1779295806
packages/gateway/tests/test_session.py,557,e323f5b483adf80681321942da56c33a8196a71bc8fa656c126cf41eaf552e59,1779295806
packages/gateway/tests/test_startup.py,238,2043f82b9d3b3155288b3c1c1101cb769e3af0acc95536b9499e9c89331cd5bd,1779368587
packages/gateway/tests/test_ws_bridge.py,241,0d0826e2b5927b6ac136df15481d062626f3f5abdaede390df4865bdf07d639f,1779295806
packages/gateway/tests/test_ws_proxy.py,563,433908223efb059e9089ce17efd1ff2f02a02b8b552e588f3ea96266f401d08e,1779295806
packages/historical/README.md,46,95d2ddfdf809b9af7ad7605b860fcbc9f66faf336dff5cb603c6f02bfb07a45d,1779295806
packages/historical/pyproject.toml,37,c617533c99383304924465504489ba36619b78dd273863fc04665631930eded9,1779295806
packages/historical/src/__init__.py,63,e7282d4dfb824db1da9950292941aa03c6a71be2aeb4264802d24637f66b03d9,1779295806
packages/historical/src/cache.py,612,2938b5ebc792bc8ddf7df4d8bac3171fbf282c52b4014310dbd2e9a96fc836ac,1779295806
packages/historical/src/data_provider.py,646,b79ea56465ec58b5d47adb32480e29b63df23facfbc287352950ea7096f776fc,1779295806
packages/historical/src/downloader.py,204,bba0c17612fbb19563a9f13e3f26b7bc20cfff7fa41e0e29a53d708c25f631c2,1779368407
packages/historical/src/expiry_collector.py,321,e4e6e597bb2a6e9b4e01ae88b4d2d366843caa54946cba3b5a7a7ee8608e5b5b,1779295806
packages/historical/src/expiry_manager.py,282,50e91d50515082831b60f12ff95de6f5817d2168ded195b5e12bf0cbc189b9f8,1779295806
packages/historical/src/expiry_tracker.py,524,6a9c28f43a7b4ef9556e1a7c6cea216aef19ea119dafa4a856184bfd9f1b721f,1779295806
packages/historical/src/expiry_tracker_routes.py,100,75a0ad768d8f6a78b92f11d1b810cad0accd68afbb106bf46088c5cc50579900,1779295806
packages/historical/src/free_data.py,391,bb8e1e135f337cfd8a6b4b051847a7f4380099a455cc600bb220f038fe325a6a,1779295806
packages/historical/src/historify.py,502,55c956d1c6e5d72c875245b784f7afca631d9b64f1f6918440256b0ed589fa15,1779295806
packages/historical/src/holidays_routes.py,221,977ad535a6479a9c0a71072f41ca8c8ea5ad32c1d269beae7df455ff4568261c,1779295806
packages/historical/src/instruments_routes.py,138,b47f956df0c4f01aea5da89898be5ecc44409a275813ccebd55343f6f0674701,1779295806
packages/historical/src/intervals.py,124,3682119fa913b4d726f5d6172adc5f2059e192973a0167d8195a127430869e8c,1779295806
packages/historical/src/intervals_routes.py,101,256d1b11b983658196e1c68993d760dc24df1561053b8c865540687017e3daac,1779295806
packages/historical/src/master_contract_status.py,276,8654a4169ae2c3ad882048e6d80d7d41f18b5d8c5a89daf773e8e95bbf1cce20,1779295806
packages/historical/src/normaliser.py,579,e1ad6bbbfa9f9c2bd7d78643595100aba399ab9a78769aabb6a77616d8eec2b5,1779295806
packages/historical/src/nse_session.py,364,2b689993a7c368d516b0fe54077aa67a24f2c5ee68e28b17f70f89dd2daa2c89,1779295806
packages/historical/src/pipeline.py,491,135ac9e290480ba0c2ed6507575efa954976f13ae0413f4d657925eae82a584e,1779295806
packages/historical/src/search_routes.py,140,d66878eea9a22c50e277732bfb80f2d6ab5a2651ffc663025ad78fd55b4eafd9,1779295806
packages/historical/src/watchlist.py,174,3ec933b2836d3c0feea8b91b16d192a9e78d7b89e41ea7641866f56f773d706d,1779295806
packages/historical/src/watchlist_routes.py,203,de0865b824555f11daeb67651e03976d42ba5100f232baa69f938a7938dceb2f,1779295806
packages/historical/tests/test_cache.py,455,4e01da8a2231e3b7e6eeabf1c0f34d823167ad06092448a5623f6dcd7af9894b,1779295806
packages/historical/tests/test_data_provider.py,461,60136908e9d4736518ecca9626729199866ed3ad0145519ae92aa40af016d7e8,1779295806
packages/historical/tests/test_expiry_collector.py,333,ed077fae461ca09fac6b9185699a92e82e0fd7a49a783ad2304d041f0ce35a92,1779295806
packages/historical/tests/test_expiry_tracker.py,262,97b6c61cfeeffc9fc3bb26f3ae8fe08673c6fc7119ba9dfacb3c21151b1721ce,1779295806
packages/historical/tests/test_expiry_tracker_routes.py,98,2c2bf7154fef6bdb806644c15f93c456e42fb8768f748e9b90749ca70a398308,1779295806
packages/historical/tests/test_historical.py,567,5438af59755b101952480be7cb8bc279000be67ddb4aacd3b7f48fa04c300ca8,1779368407
packages/historical/tests/test_historify.py,292,53439739da9fc23ad83d833e87c0262671f9271100cde12b6d72308e5367e317,1779295806
packages/historical/tests/test_holidays_routes.py,101,1578ebfcb392474a8955a78d9861d88aca3c4435390fe1a5b1a3e5d575cfbade,1779295806
packages/historical/tests/test_instruments_routes.py,101,d552d7852ba47496a54239018cd4f42eda2820272f196537c11818902eda87b7,1779295806
packages/historical/tests/test_intervals.py,125,73100bcdc9e7ba9314b845196edf39e0d52cac3b74840e345a290bcaecd54c0e,1779295806
packages/historical/tests/test_intervals_routes.py,82,2ee58cbe2a4feef7a8d65475e8295d2503ec73abae47ea597ee1925acd894bef,1779295806
packages/historical/tests/test_market_timings_route.py,71,3a069f9e61fd096caec4a335611cc42942ddde457f501c3001f065bdb6165d07,1779295806
packages/historical/tests/test_master_contract_status.py,179,d18462d342d6ff0a7eb7160ee050646edc43bb71386581bcc61b57bbfd4b0aae,1779295806
packages/historical/tests/test_normaliser.py,368,706e3416eb1bebfc096b45d4a0240d013f240bd2e3aff0bda432b77bf7281812,1779295806
packages/historical/tests/test_nse_session.py,229,14da8918a6ef6097fe22db3a05f0e3e9bfafaaa2aef99d5ce621b2a716eccaaf,1779295806
packages/historical/tests/test_search_routes.py,109,c4c24c7f9da9d83d5ffdd5ff45586275e36dd3b6d6405bcd7c93b3001bfac347,1779295806
packages/historical/tests/test_watchlist.py,101,f308daf4f45d121a63afb29d939f29851c390eaaf769bb0e818b3b4f36394d89,1779295806
packages/historical/tests/test_watchlist_routes.py,111,5acee4798bda614f7f7bb1477c2eb0b8d4d70bb9bbaea5f822aaee4874f481cd,1779295806
packages/indicators/README.md,48,5412eb29c14411047539426d2dca5f9237fcc5c01e606bd22116ff6478f58464,1779295806
packages/indicators/pyproject.toml,38,13cc49f30e07d02abc6d50a3ff1e93d398bc9b03b93de4e7e41b22e339f62fa1,1779295806
packages/indicators/src/__init__.py,286,7bfd3d93f8eb00dbd0ae6ec3374931b50380207a2c0ed3e4d8195eae1e84dc82,1779295806
packages/indicators/src/momentum.py,813,34c07ed68422a7c5cd8861d6ddb3ab2962a0edac44fbd56ded8b8a561a7c3666,1779295806
packages/indicators/src/numba_kernels.py,154,cf25a8c13a900586b0c40668b902fb632972d52204a0558c946371f57e3d831a,1779295806
packages/indicators/src/numba_shim.py,82,225b71cebd05aa77e0e6fb40ce89b7599483176a4ab5c63b0ceffa7233dc8e0a,1779295806
packages/indicators/src/oscillators.py,529,6f3be5d3662984681b13dfd9ffd25ad08bec4e2b57fcb15df0d75fdd9c9d4114,1779295806
packages/indicators/src/pine_converter.py,889,4710da69665b6ed31cb41911260a5c93f81cf85ce617cbc611714647fd9cc075,1779295806
packages/indicators/src/pipeline.py,80,07538e56a05782ad453f69c4a56b2215d9e145bdf9be389c31a2eda1d212b35c,1779295806
packages/indicators/src/seasonality.py,334,df298e9ceddf6947531aa9b1e2935015749a2e0a7dea45e40cfcc667e817621e,1779295806
packages/indicators/src/signals.py,344,5399a8d829e00e820d90475e00f8c44fe1f80a83d5cb350f696235402a210945,1779295806
packages/indicators/src/statistics.py,389,8681b011e45b978df76a0d594dafa75c56858b70563b85712ed80199a75b2929,1779295806
packages/indicators/src/streaming.py,689,ac162060cabb5d5ecd72336bd28eb51602984af6a1b25b0a02c0478d2ee4b7cd,1779295806
packages/indicators/src/trend.py,1345,8c159d0f28a158aff7947eb134d3f1bade5eb9bdb972407d4d96229fa36754ea,1779295806
packages/indicators/src/utils.py,62,1647028dc4bbe9c739364eca5cb2f2aba07d64334bf45ccecb10f6d37be417f9,1779295806
packages/indicators/src/volatility.py,568,222ed6564865fd9dec6c19e3fbf72f43fd9f510f8d48f75b7d2008e41f75ce7b,1779295806
packages/indicators/src/volume.py,758,c5cf8d5dac149aee40f141e4d916f89a2d51b5c538fc758eeeca6b07daf6fdd1,1779295806
packages/indicators/src/vwap_bands.py,223,150628f3d3f756e583a4791fd0b4376df2660dea8ab2fd6bcde3d60a661750c4,1779295806
packages/indicators/tests/__init__.py,0,e3b0c44298fc1c149afbf4c8996fb92427ae41e4649b934ca495991b7852b855,1779295806
packages/indicators/tests/test_composite_indicators.py,579,b4a6f19f15c4bb541c4e640799e952f5daabe9ef09121622886b099d0e794ef3,1779295806
packages/indicators/tests/test_indicators.py,569,15bd888c784f008803d2729f54fe287a1d89c59b23ca4dbbc4ace7551fdf24bf,1779295806
packages/indicators/tests/test_new_batch.py,377,addad32bc51b934dec8183a6efdc7d95a16672a8a2ab57a5bcf2b6715673d4cd,1779295806
packages/indicators/tests/test_new_indicators.py,872,d35e73d4899e86b797231a7563061d30f77b91fb07d07572aea70121652682cc,1779295806
packages/indicators/tests/test_new_indicators_wave54.py,1283,aa7357bac72a112ca6f73951528e55b21b9792195182c9215aa61d3de226c69e,1779295806
packages/indicators/tests/test_numba_kernels.py,334,edfa84e6cdbc7063a66fb50e194ec4d883c65d79867aefcdb80b6bcdabbe2000,1779295806
packages/indicators/tests/test_pine_converter.py,570,69e6dd0173b5fb253cfaa5c8507bb3bdbed81b2d23b8e71b2962e5776caff69b,1779295806
packages/indicators/tests/test_pipeline.py,97,379a3027ca1d65ec3759632b5c8d6b7edb33ac00f41a0f77ffd309bce035fe62,1779295806
packages/indicators/tests/test_seasonality.py,619,164e6dda2c703b00b3eefc51256b0f491fdff6d769605291770c2eee597c3f6f,1779295806
packages/indicators/tests/test_signals.py,364,a456cdc9f34ca98775da7fb42404c271c9387ffb5b3075c83f67637640edddeb,1779295806
packages/indicators/tests/test_streaming.py,276,1e03dacab38dcf353dbfc72c0437c2150ee414b209e3ef4e4e1008c29b96aebf,1779295806
packages/indicators/tests/test_streaming_extended.py,566,9db669c153c33b1ab7b459e3a76d72f7db63dde25b96f22b6853af4c8e3fb096,1779295806
packages/indicators/tests/test_vwap_bands.py,384,c9fb11b45d59970b4ea9b5f918e90347a273257e132b8a250b12455e2f31a435,1779295806
packages/indicators/tests/test_vwap_session_reset.py,237,e267f052997d23969bf3c9fa8f135e511d808d600ddc30ee33cfdf901575ca70,1779295806
packages/integration/README.md,46,1cced258a30196d2ba59908f10e7b227b91d510a62f7c8262b7afe749f71eb13,1779295806
packages/integration/pyproject.toml,36,2092d36ab6afcf877f95ea7825987cf405068d7ae1b275e9864a71e424b3ebd8,1779295806
packages/integration/src/__init__.py,68,e906f603b5818c309f1c008dfa9334a17ae5039f70221fce54d90b0ef4295e78,1779295806
packages/integration/src/alert_trigger_log.py,350,c468d8f051f3ca8c77432056f87df92f20ed8ae586a7e6bd774047f764efeefb,1779295806
packages/integration/src/alerter.py,266,a4cd180f2a4f908c9ea9f8036b55f060ac7eb35441de81836082f6aa4a118977,1779295806
packages/integration/src/chartink.py,208,27362b508f09c18cbaef7058e0e2ad0fa87547cb95340995af2a2ce5a80e76b7,1779295806
packages/integration/src/excel_bridge.py,362,a10e059eb9c36cf4898a54d25dadb67e46ae50e17387fdeccdc5297b4a3f72f5,1779295806
packages/integration/src/excel_routes.py,193,367a4dbcb21db70d4dbe6440da60440def6eb5cf7472554c135774b47373d828,1779295806
packages/integration/src/flow_builder.py,1598,889f3c51175344e45bc53ac9eda9e0e461b88d4e823593e518b5026174922b35,1779295806
packages/integration/src/tradingview.py,288,54de65f680d019f8794d93912d0451db1ae99535a1d558461b2950910173a8b4,1779368407
packages/integration/src/voice_orders.py,717,6eb2728ba75fdb76c89c3633887fe99a82521333164d5e15fe64257a278baa80,1779295806
packages/integration/src/webhook_receiver.py,547,12da0139ab2ec9501bafece0780bd92f7a1d11a04112d63036e87dd79d10d63b,1779295806
packages/integration/src/webhook_routes.py,238,1c1e9ab7eed04efb592707ff524d80c3d5111fe2bf6c0e9c968fb530230cdcb3,1779295806
packages/integration/src/webhook_server.py,270,8d2140557c6eb28abe9911111b733e998b5703499942de7f7b8684dbabb90dca,1779295806
packages/integration/tests/test_alert_trigger_log.py,241,fc13d9bee9b5d15c25fd562b59346c74ce6585b94d97d04dc5029fb426855b34,1779295806
packages/integration/tests/test_alerter.py,425,bfa83d3f248808b5e06d0b2406e1b9ed9ee109006153cc7d13257bd2d5f854f0,1779295806
packages/integration/tests/test_excel_bridge.py,164,a84132594ec03b324d8d84479a58a6466602721fe44cdbb2db406d31519b183b,1779295806
packages/integration/tests/test_excel_routes.py,141,51b6ae9add31e6d6defa08858f060de55201023f0f83d3b4941b25631953ad4b,1779295806
packages/integration/tests/test_flow_builder.py,831,aa4835a869446b5849e40315d2c9026c59e4580136d7cc599c05984a4fefe537,1779295806
packages/integration/tests/test_flow_graph_validation.py,318,9852d299ee8976abfc52686b15375825c6178185cdc900e876ee7f7a1da35a8a,1779295806
packages/integration/tests/test_integration.py,669,a79b7403ad2f83bba81b9728e1578d31016eaab42fb9eed1cf8a9fb0b8a0f154,1779295806
packages/integration/tests/test_tradingview.py,389,bb5c6de919ddd6b5884852aba7fd31f549b27a6ac3794b78c6572b1a1b859012,1779295806
packages/integration/tests/test_voice_orders.py,494,8c3e12e073ec5e8ca00c3155a8f6e4514e6a620ce5db44fff0d718cd4298ad5a,1779295806
packages/integration/tests/test_webhook_receiver.py,646,23b043b90a2aa22c1471b24714eb5d23ee6860d5f46c49563dd5fe5a27dc55bb,1779295806
packages/integration/tests/test_webhook_routes.py,137,9bea81c44543e928f1c0a71b387c568988c05606a74c7f54c6e7ca66a8b8f19c,1779295806
packages/screener/README.md,47,1f0b7d73fe38ef88c4e8348ad63bdd07923170f5b3f5b4ae2a3d0c79a27fbaa8,1779295806
packages/screener/data/ipo_calendar.json,151,57528d1a744b32757f0858dd73cefa1259c9e50eaea13fe64b6827a47fc83f8b,1779295806
packages/screener/pyproject.toml,47,103e149919cad6bb88dd50a8bb5d52afea6f52c89540f063d72d4496d7bc60a7,1779295806
packages/screener/src/__init__.py,282,59efee77fc050e7ec9623f07e26e1a6a3b28215af87448bd5596c68d26d57ca9,1779295806
packages/screener/src/analysis_routes.py,966,ac5f52893a4da64374314a8ba49a15c54fe90832471a575e9065ae700e53720b,1779295806
packages/screener/src/analytics_routes.py,332,ed2e0cae2578733849afdf7c7d592b29060797aa13cb0dfc86135698763d46e9,1779295806
packages/screener/src/breadth_routes.py,247,9cb33f3f78986cdf027fe360fd2be8059434b39d6378fd1374e27e2e6c288d29,1779295806
packages/screener/src/correlation.py,359,51507f793f28ed878905d2f2bbff7b85ae7007f6890a1631630004f0d061079d,1779295806
packages/screener/src/earnings_calendar.py,379,e65590b8fd7985da9f04e3c222d1566e03f6060d1dd6cfed8c4a292c0b942ca7,1779295806
packages/screener/src/earnings_routes.py,211,44de7d59fa555ddd1e12636a39f395f47bfbfee4711d92370972b71adae00e87,1779295806
packages/screener/src/economic_calendar.py,614,367a041006b70eadae9415817060ed265658a5dfbd08c585b89741fdaa7f7dd2,1779295806
packages/screener/src/economic_routes.py,151,52d539564c078b6276074a447277e5a1f5bf7199c200414b9fffcb41814bb521,1779295806
packages/screener/src/etf_screener.py,889,391e85721c575a29f28fd8921a8c8aa204bbad1d8eda36e3f306c0c5243f6ce8,1779295806
packages/screener/src/fii_dii.py,743,b3ea68af5d98b0990b780fba7231736ca0a85cafaf6417d2eb7d0d574d301390,1779295806
packages/screener/src/fundamental_routes.py,239,9afed7c8727a5a6757879e6253f190af35b808fcab43ae40a6578be1643d4f21,1779295806
packages/screener/src/fundamental_screener.py,620,6a4923a710726150068e033f3c3dc081c147624bc89db0ce3cb1b9eaa1eca884,1779295806
packages/screener/src/futures_quadrant.py,229,a054d32eb5a69059b705cee62c5b562672d57694713294856d9b4f07a50eaf3b,1779295806
packages/screener/src/gex.py,204,b4cf388e59b8e046bf2479d62fb6ab00ec109709a97b8d2f7671ba25a8829994,1779295806
packages/screener/src/gex_analytics.py,284,9222034853105ca09aec01b29740750b42701f76ce99f37fe147a1b068c63d01,1779295806
packages/screener/src/greeks.py,308,e6aafc11a3d67715a1b9700b192065acca2bdbc734ee81ac05f3c9559505d663,1779295806
packages/screener/src/ipo_routes.py,116,183a27bd2066546886907921a2e11492dc6be7fdb29a2f5b52131d642247ec16,1779295806
packages/screener/src/iv_analysis.py,241,38b040f77d47d04244d1c8422f246d61b41f304c95f778166e092d53fa1ab458,1779295806
packages/screener/src/iv_analytics.py,393,c51c0c1139672b9560ba143bd94df9f187bbad7d6f3acec1f348dc9d2e75db22,1779295806
packages/screener/src/iv_smile.py,222,8babf6fbc8a78a3d459fac4d7d70d1fa1ebd842fcb6f30c6319cee22b1410dde,1779295806
packages/screener/src/lot_sizes.py,244,d6486a3051d339d1cc17a65968b217bd1581c78dcbfd757ab717313b86ab6ad5,1779295806
packages/screener/src/market_breadth.py,334,a75e91afdce3218f67ae304cac73d3725570c34b6994744cb71536a92b32c818,1779295806
packages/screener/src/market_scanner.py,752,c13774d69daed9922b4a177273b31d152e82d597ab96e3eaf9e2d5cf4511b4a5,1779295806
packages/screener/src/mf_routes.py,303,b65b08e4b4eea8d49c1dc8a9534b7a9a54da98f9d1066eae03d6374af564e9ba,1779295806
packages/screener/src/multi_timeframe.py,409,d0fd43720cf4fd2c427384182c51c06d2b103f0de034809073a7d2fcee86c115,1779295806
packages/screener/src/oi_analysis.py,316,cbb051ff58fd34d4939202cd667357a5824ebadb14801e5453c75856223a7ac7,1779295806
packages/screener/src/oi_analytics.py,581,ae4d3f004dda7e3a947fa80e8ef490f13ae9adad6b0460a13dfef1a9fc99dd0d,1779295806
packages/screener/src/oi_analytics_routes.py,343,f5fdc6e0170760c310eee39b9b3d19301c4b3bd65c6ee9f34cc001a53a4f4395,1779295806
packages/screener/src/oi_profile.py,238,b3ac32e2f331b6f6b55a40176fbce496d5d5b9eacbec124ae88cf73d7ec168ed,1779295806
packages/screener/src/oi_profile_analytics.py,343,2f5fd5037ed56ac91c3ee060b7b2782bce77af1883a63efd0ffd361139086866,1779295806
packages/screener/src/option_chain.py,247,25d1b40f12e6bb465f722cee0ebb7fea0f4bc8cd5633bc4d6e908197ee593dfe,1779295806
packages/screener/src/options_payoff.py,570,3030398cb7834eb32c8d5d47a0afa186cfe6a7067268a8be1f9bbf2cc2ef24b3,1779295806
packages/screener/src/orderflow_inference.py,329,197159cd9d04c45ab1a85bf5158404ed55c8d6085175021fe56fb7da4c31ad5f,1779295806
packages/screener/src/pair_correlation.py,344,0030c57639cd000bda59e40c7a534b71f731d7c4223ce8e1545a2658c781f0f0,1779295806
packages/screener/src/payoff_routes.py,448,0044bb92952906fb6cacb9a47b6323727504934fc33583b0fc4aaf2da469ff34,1779295806
packages/screener/src/pivot_calculator.py,330,d36f1f92e7660b184a87e4617b05daafcf908f4eaed59d55060196e3c8c20933,1779295806
packages/screener/src/pivot_routes.py,123,2feb0a3c037a8f2ed3be8ce40811b9eb44c10e872815c00d1058b761a4223313,1779295806
packages/screener/src/portfolio_greeks.py,497,a3c558ce98f44d4eb2c2048e32bbb15f79000cc51ad0cf925b97fb06e0e04319,1779295806
packages/screener/src/regime_detector.py,376,5abf818da670ed6ca8963f958ea933677ae43c9aa4fb04cc39580dce2a65a86d,1779295806
packages/screener/src/rrg.py,292,c7869c504d3a64502cac7bed6739a0ce20c0c3a3a8b58122e4a03715531f9e6b,1779295806
packages/screener/src/sample_data_routes.py,459,59ea459392a97c2862d76b615fa2eecb45cf4e98423c389d31822e99f13e3a2c,1779295806
packages/screener/src/scanner.py,364,cb4a421ea127f7bc0701def0ecaf726384dc373d94bf309fe79031104b75a51b,1779295806
packages/screener/src/scanner_routes.py,334,8efcc5a419df4c04c8384180af5ce64cc433e98bcb606d5f9362ac53a21e0d94,1779295806
packages/screener/src/scanner_service.py,896,bf5106fce882520222d7e50b7ba025a33a04dc538f5a46f5f73b8a4975e28a35,1779295806
packages/screener/src/shareholding.py,772,e7265fc883410d03cefd140f006d3dbe5a063efd6fa6ce0077d63f0a3df676af,1779295806
packages/screener/src/stock_cache.py,300,50d57c036d28cef8232a11464aff83b2e6931a6b634bbeb7f841e34226a94ec8,1779295806
packages/screener/src/stock_routes.py,176,f8ea2e951d97412f25e0a5fa3f44cba6e05ac0af036e9878291d6a93745d626b,1779295806
packages/screener/src/straddle_pnl.py,264,efcc014b57383dc1ab816e940ee3db25557c40caceaaba69e5c744fcd432df0d,1779295806
packages/screener/src/straddle_simulator.py,466,b4d12a3f2b3d24215ece6210b71048956dc3c74221ece0566f6e4cc455974163,1779295806
packages/screener/src/symbol_converter.py,342,c7fba839671edc7fbd8a12f7b502d5aab6bdb3997ccb444ac9c40f8aba210e67,1779295806
packages/screener/src/synthetic_future.py,282,4069e8ba5514b58dacb016f88d9202e80a4e4f4a45d0c9ddd30af857e235d8ae,1779295806
packages/screener/src/tv_routes.py,145,73f0c9a8eaa51c2be2639900bc11b4a540fb9aeb7207d321fdb65a9e36ce0c9a,1779295806
packages/screener/src/tv_signals.py,193,71aaa9ccdb649bbc4c32758994456cd9e8ad3a3c30f056e120ebcf364d93f9e0,1779295806
packages/screener/src/vol_surface.py,364,b018a44cb64d0c7af87218439d3da46075418c3acde6cba0b03a345167d77003,1779295806
packages/screener/src/vol_surface_analytics.py,362,891ec5ce2e1a515233a2820f208cd37006a1cc8e421b40c9dcbf768aec84eef3,1779295806
packages/screener/src/volatility_cone.py,247,9a6f50823cb18a7a408e746b7b7586832df59843661d21d6a2182f30e1a6f1fb,1779295806
packages/screener/tests/test_analysis_routes.py,298,64d43abdb1db75f0bb83987bd39c3d5fefdd1471c74c0f2f7665a64cb3eb654e,1779295806
packages/screener/tests/test_analytics_routes.py,143,b864ad654ba77a6228d34f455b809de72f86bcf861416a94b5ea15927b5fe09a,1779295806
packages/screener/tests/test_breadth_routes.py,86,d0b0ac1366f5de1ca40f71e2ac95aa1f5a59dfee8f997379655218a739575a22,1779295806
packages/screener/tests/test_correlation.py,348,8a2748d5c8b258e0d16155ed4240ed1021311236ec279944648665b3b7749284,1779295806
packages/screener/tests/test_earnings_calendar.py,508,742a8193d49d7dd16aa46c9efed3de2e62ceb4d1ab651a1e08cbd011f400c055,1779295806
packages/screener/tests/test_earnings_routes.py,97,1985702ac2239153962688e801c71c5b737d7673fef6e471a8a38049f3817712,1779295806
packages/screener/tests/test_economic_calendar.py,505,ae4d022c1600cc619a7ec7ff4ded1bfd583843bc593d50ed0d3ac8ec4a0783de,1779295806
packages/screener/tests/test_economic_routes.py,60,3e138fc60ec2633d8eca06717c1bc8a66bbc98cfccc35942d45f6f4b4eba94c5,1779295806
packages/screener/tests/test_etf_screener.py,399,6c460d59e923c9aa46d0acd1a29941f27a776ddecde75fb8f474b7fe7a95e340,1779295806
packages/screener/tests/test_fii_dii.py,291,2d6b699676ae87aa8863c12b7f7e4895c70e5e30d9e0d2a2591c774045be6aef,1779295806
packages/screener/tests/test_fundamental_routes.py,192,005101e0c293aae89b05c36d923cc1ec9bde2689c9b06ea9bcb9d941e7a77846,1779295806
packages/screener/tests/test_fundamental_screener.py,355,53f3b1c054368ca5f833e8d3792c6fa7a5b23249e93fcb08bfa76333f9e41897,1779295806
packages/screener/tests/test_gex.py,215,377f083adfe49fb1c878ed587b9fbc9bc8beee90d71fd4cc5b022b0f28aee2e6,1779295806
packages/screener/tests/test_gex_analytics.py,251,46531f1522b0df5f67f37d9b818c7aa86e4d31c5e86e0c8b8410dda0ddea289b,1779295806
packages/screener/tests/test_ipo_routes.py,124,7b9be1acd040b50eebd5281fd37499a5235b036214c62e6fa31a9c246a8983ea,1779295806
packages/screener/tests/test_iv_analytics.py,267,fd125192576afc0362bdabba7f4ecc6d5fb9dfe2b5491e20d08926695a506f6e,1779295806
packages/screener/tests/test_iv_smile.py,249,922eb7541eca580fc9620d4e4f48fd7b3d4d3a1f4c07d084b047ea9fc2feda40,1779295806
packages/screener/tests/test_lot_sizes.py,231,9703bc7972439b507688c705e280463e3f1d18c114545558e68dfa9f9567af5f,1779295806
packages/screener/tests/test_market_breadth.py,338,b4c376f6596b0dfc65712013cf524fb7f1ab052f40e2049c9c22b1e042ed221c,1779295806
packages/screener/tests/test_market_scanner.py,600,7bdf781d480b07d008a86877d20b2d54436fc8b1113dae913a6110b12e213249,1779295806
packages/screener/tests/test_mf_routes.py,266,949857dbb448b9a5a4ecfc9b61ddf973366f809c61ae725ce2ffcf456cdb37c3,1779295806
packages/screener/tests/test_multi_timeframe.py,581,a10c20dd9366286d324556c028bf3fe5d9b8d049ad9a5e3bafc09a5a2bfc8844,1779295806
packages/screener/tests/test_oi_analytics.py,425,b2bdfe3257ab47db9d4dd367a479a4788b63074e3fdfb751d13f9a8fe183a581,1779295806
packages/screener/tests/test_oi_analytics_routes.py,117,71f308a75da69bd61b68021b3ffff656ec3e0edf3b8f56a05ea9df4267470b9c,1779295806
packages/screener/tests/test_oi_profile.py,267,7c62bb6e48d3c87308688de1582bc14ecafa998169a1ba7e64c962afbfa66105,1779295806
packages/screener/tests/test_oi_profile_analytics.py,254,2726c8bbb4859cb81e11cb7210ba8dcb7c097325fc9d8a7df85106e596c90999,1779295806
packages/screener/tests/test_options_payoff.py,445,19b2012a88425e00da0ef11c91143319514a917bb6d8b4268b0d6c7169d80a20,1779295806
packages/screener/tests/test_orderflow_inference.py,255,277a77198224975c9a105dbf897b1731e9d1d0d44c8b8dc55e5c44fbd8780b04,1779295806
packages/screener/tests/test_pair_correlation.py,399,336f8dd609f01fa29a9727a01110c109fde5b672bf326fa5c3554cd12b38bf6e,1779295806
packages/screener/tests/test_payoff_routes.py,299,5d6365ce3fbb3641ea46f7d4f69d290e399247e83aa9ed4d8219c080d49938c8,1779295806
packages/screener/tests/test_pivot_calculator.py,623,d0f0debc668a1d7997fcc71f8097352ddf2cbd723a7f8c655816d017629a8d76,1779295806
packages/screener/tests/test_pivot_routes.py,161,b92f03e941b40a5ecc6afc4773b07da513d1ee2817f1b4e8ef0533a2a5bbf3e0,1779295806
packages/screener/tests/test_portfolio_greeks.py,488,c2015e29ca12fdd00efca91b30f1f1a737a6ede7b3f2f2ea7f7e6f55cc0f174d,1779295806
packages/screener/tests/test_regime_detector.py,385,f22a8bda42199cf5338216a3fe6a0a58005389aab75ceedf245745eab91d2df9,1779295806
packages/screener/tests/test_rrg.py,429,8f9a2dd0a4dff5e1785dd16a98f91173d7937f9576e14543ee760114c4589b90,1779295806
packages/screener/tests/test_sample_data_routes.py,230,b8150ac9003d06680f633f37d2d2b6eef3542b3a3d5af22b3220f24f2afd6178,1779295806
packages/screener/tests/test_scanner.py,191,eacca16afc99c6adbce44eaaf6d83062c0d9fcef51a78f9a68cf53d62fd8fbfa,1779295806
packages/screener/tests/test_scanner_routes.py,276,aac93d87dab4cbf385dd6298a21b667ac3e59cafd6e2e243e2d53a7501843854,1779295806
packages/screener/tests/test_scanner_service.py,923,9cbd93a6fbb5dd71382d722342a763ab66b4f42a2b1e467610e288c7c315e4b0,1779295806
packages/screener/tests/test_screener.py,609,b1dd13daf306d358910e47c79bf952bfcc3a5b8b4ec2ba5f5954e9256e8ed4fc,1779295806
packages/screener/tests/test_shareholding.py,521,79ee9fbffc1bd407eeacb9830d90c90e37266ac8116a170cda704be77f2a4295,1779295806
packages/screener/tests/test_stock_cache.py,340,94accdb77a591daabf27551585ad8dad16b361dc6e2852e0b6a7957c9d210729,1779295806
packages/screener/tests/test_stock_routes.py,196,30688b9be1b50ed1b755210c7a479243ae8db9ec7db6214246b41e991491c19e,1779295806
packages/screener/tests/test_straddle_pnl.py,259,c3b4e1f9125f636fd839da6062b5f332ac1c2da48267841e75c900b76b14232d,1779295806
packages/screener/tests/test_straddle_simulator.py,321,c0798c6ab37212db40027c9d24bd0ba0e4d4e4f1baa09ab5525160a85ec88c16,1779295806
packages/screener/tests/test_symbol_converter.py,287,4a8049a046df0ce89f2ac15f7b6cf1c222e8dc9d4b912c5babfe9315d5a04f0a,1779295806
packages/screener/tests/test_synthetic_future.py,258,fab1d7ac4bfda58ee28be0bb8ab0b1b548a962a8bb241f468ac28407ea811763,1779295806
packages/screener/tests/test_tv_routes.py,186,49c22bb7b20d9dd9182ef883af5d88bbb17b9412c6cc960a148e89a93fd489fa,1779295806
packages/screener/tests/test_tv_signals.py,109,0180234b34c52189532ac56bc0c2983b455822c1b74a48e8ecdeff257681e718,1779295806
packages/screener/tests/test_vol_surface.py,215,b3b3ba30a04c44f753a09ab5e1e8fa5ab05ff69fd7d466979bc6a2b8d4e06f72,1779295806
packages/screener/tests/test_vol_surface_analytics.py,221,ed847454864594d104d6529e68e163118ac159d6d4d370c13f1085de1cefa693,1779295806
packages/screener/tests/test_volatility_cone.py,386,5dff352d3abc969717856d4ca4cc5086f0363faa92e9e22ad645ed53c802121a,1779295806
packages/terminal/README.md,47,48bd85f851787cb62ba77aa18ce2400beb07853df2e81fbd77fe6d1e773335c3,1779295806
packages/terminal/components.json,21,40ae7e0306e52e38bf99373f31512e2a5ad29615c95f537677db1d339174de63,1779295806
packages/terminal/e2e/command-palette.spec.ts,94,0962aeca4586ee5186247ad8618f8e15ac74d18cba8847e73033b4a3271fef6d,1779295806
packages/terminal/e2e/explore-mode.spec.ts,72,a94822fe63ee73fd2a1dacdd51a41bd8da2162bb033b6ec5f652c680637cd5d9,1779295806
packages/terminal/e2e/keyboard-shortcuts.spec.ts,108,6fc41cc64368c3e63d8a351b0fe9d2e78346106286148011c8f4f74e39e968cc,1779295806
packages/terminal/e2e/settings.spec.ts,80,892b96124074a8c6b5f708938ac7811955e1952754d8a8ce7ec82a41b1de4ff5,1779295806
packages/terminal/e2e/smoke.spec.ts,65,1355c251b3145b909ea038b71f9420c768c49ae110c8fb5e78b54031e9624fbb,1779295806
packages/terminal/eslint.config.mjs,25,ee63977a3ab9df599f5743c502d18eb9a2c81b9f532c25a5c34c27141ec47818,1779295806
packages/terminal/package-lock.json,8873,e23466979fccc3549c4f6e9c301d7df0f66af7f122d049dd652dc0bed15e8f54,1779371044
packages/terminal/package.json,84,b3f33d7a6e7a1d01c836ceec69d35a995fe9b7813d6df8e1b700579b3df6a8c6,1779368410
packages/terminal/playwright.config.ts,43,7da5b4ae78c45741e8b8e1039a41516d60bc7065b659d1a9e51ede77abbac77d,1779295806
packages/terminal/src/__tests__/dockview-smoke.test.tsx,10,bbbbcd02fc6ae4b93925d23a59e1a9ee22e2cd575062ccde1c877969d1a87852,1779295806
packages/terminal/src/atoms/__tests__/marketAtoms.test.ts,35,0cee84730b6130d6d31cbb61ca9d685d1aa6a59bcb26dbb2997e3026518eba37,1779295806
packages/terminal/src/atoms/index.ts,1,c68ccdb0570f39508cd021a70bb49af5d537581eba38ee759c6619cf325c907c,1779295806
packages/terminal/src/atoms/marketAtoms.ts,55,5c28e5ef367f0c74445752a99b6ac2ee7666d0ea2c5e06e68663dbc95cc32898,1779295806
packages/terminal/src/chrome/AccountSwitcher.tsx,154,afa1693c055ed08a27606d5d899e5f8a596d6b417173f8034cc4b72701f6282a,1779295806
packages/terminal/src/chrome/DockSidebar.tsx,437,f17724d9916c45fd896a4f664677a8ee9eb32e3b1faab8bfa5f8c6cfd389f7d5,1779437131
packages/terminal/src/chrome/ModeIndicator.tsx,238,73515f76ccd5109bfcf8ed8989dd9fec7c310c89560e6723a302ae7864e5fa3c,1779295806
packages/terminal/src/chrome/PresetPicker.tsx,422,0e998ef37c0a0472c6531f0c954b13f847175c2aa95dcd096e9c20dc73b2fe90,1779295806
packages/terminal/src/chrome/QuickAccessPanel.tsx,549,80a3fb1e3cdafd4da8a40b1432675c3fdbb69da23e6f6cb0c25150be28507ef4,1779437146
packages/terminal/src/chrome/StatusBar.tsx,111,98509a5b461e705caa1df3e5687577653bc96abb3668774ea8dd976e8dc968c9,1779295806
packages/terminal/src/chrome/TickerBar.tsx,200,c5fc9b6161f1dc3856c836da167b279ee2d28b7245d706bf704c4e3d699fbd51,1779437625
packages/terminal/src/chrome/TickerMarquee.tsx,288,a96cadf00dd32e1dc164acf8fc7166d4eaef1080a043122b320c6e65da141a3f,1779295806
packages/terminal/src/chrome/ToolsDropdown.tsx,176,1a30c883c0a517fff48120986488d4ef40cd636634b86c4471cfc140dcbca56a,1779295806
packages/terminal/src/chrome/TopBarV2.tsx,417,703464a2ab885c173dc301881cc20f8af93e7ac85ba6c698ec2ff9a4c527210e,1779437123
packages/terminal/src/chrome/WidgetPicker.tsx,443,9d1e485b7e1c5996d43eb7d70bfe265309189556293031a74a65cdceb2ad5838,1779295806
packages/terminal/src/chrome/__tests__/AccountSwitcher.test.tsx,81,866de88b1f8c95826da60731b48ad02ebe87dbd36d4f91ddfa503ba1d0e1bfce,1779295806
packages/terminal/src/chrome/__tests__/DockSidebar.test.tsx,273,5fec0f2610c828a267cf2cc3486e744f2f59a9a5f2ba1c57a6817a3431417cbc,1779380776
packages/terminal/src/chrome/__tests__/ModeIndicator.test.tsx,350,467e184b1756f5346e049cafda4e6a3eac8d535cbd5ddab1d1e63051a462f26b,1779295806
packages/terminal/src/chrome/__tests__/PresetPicker.test.tsx,90,a44f6e807d62e6790de0cfb5597241a369ca499deac7bb667312043cfdfd1f14,1779295806
packages/terminal/src/chrome/__tests__/QuickAccessPanel.test.tsx,197,cf5352295f6f3c359f41c188b7c0e97d7e6eb09807fbb6a306bdfb2ac7ae8126,1779295806
packages/terminal/src/chrome/__tests__/StatusBar.test.tsx,68,828ce27d736e774a840992366d6c9c3a37ab5fee013883dd75599166e37e83cc,1779295806
packages/terminal/src/chrome/__tests__/TickerBar.test.tsx,220,76a1ff29bb191ac9609f128af7a1cb01883ca00149e72a492bf963868773cde6,1779295806
packages/terminal/src/chrome/__tests__/TopBarV2.test.tsx,248,88f584d308a8f9f0abe40c2931f2b3a0b621000eb7679dd58960f9b38b73babe,1779437251
packages/terminal/src/chrome/__tests__/WidgetPicker.test.tsx,160,860e2a7c106052099f3a8ebf8a9eb055e37192a831e60d8a7121cdc6c4f1e6af,1779295806
packages/terminal/src/chrome/hooks/__tests__/useWorkspaceLifecycle.test.ts,291,dd8e13426e0bace5ccd5ec6414e53945917d59e4d47238c5e87ce62ed5f577dc,1779295806
packages/terminal/src/chrome/hooks/useWorkspaceLifecycle.ts,178,56d66bde18d75673afcff40dec10b22ec30d3551d0278728eb1fbba04c95646e,1779295806
packages/terminal/src/components/Changelog/ChangelogViewer.tsx,475,ce7194cb59f3453205fa3414a462b73a510e091ca11b378829f06a338af8e27f,1779295806
packages/terminal/src/components/Changelog/__tests__/ChangelogViewer.test.tsx,286,1aace6bba4dfbe2816cf96249b98141eeb03afbb6499e1d0e1377882eba6b687,1779295806
packages/terminal/src/components/Chart.tsx,125,8cea50eeaf4840dc34a327d07668ea886f078a30c42ca91b4d5d5a8c35e0ebf3,1779295806
packages/terminal/src/components/CommandPalette/AITab.tsx,91,8849d32320b385d9ae7c0ec81c16016081715526243378d933f5501591e7ae5e,1779295806
packages/terminal/src/components/CommandPalette/CommandPalette.tsx,282,b44482d2e699d40491694769cb4bd6c3175a62bfba787aedeb141951b8a13783,1779295806
packages/terminal/src/components/CommandPalette/CommandsTab.tsx,102,65ed5ed40b3142202d3c2bc55dc627ff9461718347409745f590d30165ebff39,1779295806
packages/terminal/src/components/CommandPalette/DocsTab.tsx,123,2a41649255dcb06b6c69295cd827957bdc6c67f61acc846cc7e7bf97e8c66af2,1779295806
packages/terminal/src/components/CommandPalette/PaletteShell.tsx,41,5bd4b5e8790b801cb52c1b56625aaf23e1f2e919be6b080e8f3ca39c8e4f74f7,1779295806
packages/terminal/src/components/CommandPalette/SymbolSearchTab.tsx,159,0183f100568e19ed6003d20b572ebb0513a7784c17fa61453a74501a4b53812c,1779295806
packages/terminal/src/components/CommandPalette/WidgetsTab.tsx,65,94551eee5c99cee3fd7dfbe71dcace2c9db01dd701c35f0aff6f393c9fad183f,1779295806
packages/terminal/src/components/CommandPalette/__tests__/AITab.test.tsx,62,2d2899d539b3bb7a3ee29d38aa80c01449a045c01aa1d26b782af2405a2dd49f,1779295806
packages/terminal/src/components/CommandPalette/__tests__/CommandPalette.test.tsx,130,4528854c5542323f0044a5dcdbbdb89947a63e660bf7caf1f6a6f8205d497207,1779295806
packages/terminal/src/components/CommandPalette/__tests__/CommandsTab.test.tsx,48,39908b0a6f5550c63431725623456a5f144e599db427daef89f2bfe91c076fc7,1779295806
packages/terminal/src/components/CommandPalette/__tests__/SymbolSearchTab.test.tsx,256,e5e40d5b122d9f5a3678a0b987e0fcf435d5f0eeabf5bcee40beb5c756e27936,1779295806
packages/terminal/src/components/CommandPalette/__tests__/WidgetsTab.test.tsx,53,731f0f98ef2f547f84e70aee7967d14bab3e23062ce31bd0332e9104fc345a95,1779295806
packages/terminal/src/components/CommandPalette/__tests__/useSymbolSearch.test.ts,76,95aee3e35699e5f7215276db621ecfa836ab8c01e6ec222acb4c90aa40fb22eb,1779295806
packages/terminal/src/components/CommandPalette/useCommandRegistry.ts,366,72050edd46c459c4aaa796a24208afdd6ed5b6e9662065d5d3e6fb8bf73869d0,1779295806
packages/terminal/src/components/CommandPalette/useSymbolSearch.ts,35,e7f139d35c4155b3c96d082f8772e5a99cb98f00b60b63a28079090f62f17468,1779295806
packages/terminal/src/components/DocsSearch/DocsSearch.tsx,424,90bedf18372509148a99f4301317071cdf9d32e057876e6c1f7dd390497d0fb5,1779295806
packages/terminal/src/components/DocsSearch/__tests__/DocsSearch.test.tsx,294,37f90a0f5bfb159db65a6977ed8172078021b2150fe668635ccade3576848c50,1779295806
packages/terminal/src/components/ErrorBoundary.tsx,117,9874ba23366888f03e588f43e077d6f74770ae9ad9549f9f9033d52ea700e11d,1779295806
packages/terminal/src/components/KeyboardShortcuts/KeyboardShortcutsDialog.tsx,425,23faa4667efad3f2a571bd31158704057a0fceeec4f1b65b4234991fc711a85f,1779295806
packages/terminal/src/components/KeyboardShortcuts/ShortcutConfigPanel.tsx,512,0b8cc21335e0288a26643602fd0c65245d3f248b2d62dbf6f924caa8320c25f2,1779295806
packages/terminal/src/components/KeyboardShortcuts/__tests__/KeyboardShortcutsDialog.test.tsx,237,85f17f97bab902a1442bf3fdafb86f971eeedddf7f319cda36a47ae3083e3d58,1779295806
packages/terminal/src/components/KeyboardShortcuts/__tests__/ShortcutConfigPanel.test.tsx,357,71377be5100a23d43bddcfba150d161ea3c63b4a46b9ac0524ca8ac9a668c70c,1779295806
packages/terminal/src/components/LockScreen.tsx,241,8c9cb2b2be2f2455aa77ccd1e65623a18537e9964c01224a0c6fc8d022347ccf,1779295806
packages/terminal/src/components/NoConnectionOverlay.tsx,177,cd212da2e0a9482f6bb79f69919e6d7f040e1d62fbcc3498e6389921449cf6bc,1779295806
packages/terminal/src/components/NotificationCentre/NotificationCentre.tsx,414,ce64e36b075978b1c9154446d59c9d576cde66d60ca42a444d570b1a225af29f,1779295806
packages/terminal/src/components/NotificationCentre/__tests__/NotificationCentre.test.tsx,351,ddce74e8800c8c6f43393c8916b3d7888c94e8670349718a2be6f75b51b16e75,1779295806
packages/terminal/src/components/NotificationCentre/notificationStore.ts,134,b94d0ea3c0f993a2037203186a30222e7966f758e52b3d55805eb5a5356d0bfa,1779295806
packages/terminal/src/components/NotificationCentre/useNotifications.ts,52,59d9175cb26b5f5e1802196c62bd52c77a4dbb33a0d56fe086cd9f46d5c55e68,1779295806
packages/terminal/src/components/RouteErrorBoundary.tsx,115,c0af49c34d1229cac2684062db0b949515ef168479421c014fa496cb5c903402,1779295806
packages/terminal/src/components/__tests__/ErrorBoundary.test.tsx,74,05139ba435ec1c96b297c1fe4e229c48da044aa4cf7cf5264f5888ce01b4807e,1779295806
packages/terminal/src/components/__tests__/LockScreen.test.tsx,46,9decd4ecb04ad079167a808bf23afd969359e88e3c9a89f19f0641d2a508924c,1779295806
packages/terminal/src/components/__tests__/NoConnectionOverlay.test.tsx,64,ee5d0c5be76b011b3670eb8b65bd70ad19cd7f168dbdaefe3c5abfe727ab0526,1779295806
packages/terminal/src/components/__tests__/RouteErrorBoundary.test.tsx,70,d1e264c5506ab23290f51ae6618fe40d895a5d8db7f9a67960d14b471ea48aea,1779295806
packages/terminal/src/components/aceternity/animated-tabs.tsx,150,7387ad46a772b42b204de80936354a06597edc1f2d1caf14a73335c9708909c1,1779295806
packages/terminal/src/components/aceternity/card-hover-effect.tsx,40,5c87c2f799a5e69c5a149477c0a1cf339a08fa1e7fdbd16ca6d2f8873b32a8b1,1779454970
packages/terminal/src/components/aceternity/floating-dock.tsx,255,203f5c74212d5425f34e67d1a84b2dfe226d014ed96a2572d09b91d647fd6cc6,1779295806
packages/terminal/src/components/aceternity/focus-cards.tsx,117,62df6e2e4233fa35047f94f016fb8737071e1d61814403d17069ed7ea7382edb,1779295806
packages/terminal/src/components/aceternity/infinite-moving-cards.tsx,124,a856fcdc88ca5ce4810b1c099229129383f97084bd264e60e72f86aade9c4318,1779295806
packages/terminal/src/components/aceternity/meteors.tsx,64,7adc34b6f95d1e2767744cccb33cbc05eeaecf10f6cd490d902eabd2aac6cdb4,1779295806
packages/terminal/src/components/aceternity/moving-border.tsx,170,0fed43f8c61390c6212b216ee2ff98d02010e0c7e83c3358137b43370fc51dfd,1779295806
packages/terminal/src/components/aceternity/text-generate-effect.tsx,75,02a179ce6e971782d3c56387cd1de648a70cc0d1d9fede4ab35a73be2c6f0b09,1779295806
packages/terminal/src/components/bento/AddWidgetCard.tsx,85,a7a2486c91c889d1163ceb2c9461c5bf1a0aaa03fd1d842c3ec932658f242b71,1779438045
packages/terminal/src/components/bento/BentoCard.tsx,84,1c36d0ccb4e175775bd36fec1c4b8f509aa71a54e555c0c4cd104f7642c366e2,1779438045
packages/terminal/src/components/bento/BentoGrid.tsx,94,8f4b69606946f9634a889d8c2a86ec817ecafc48ec474667a1a856781f67beb4,1779437146
packages/terminal/src/components/bento/__tests__/BentoCard.test.tsx,99,4d33b75af9d737d7d50facd9b16b26a0f3dcd78f8c62e12a8c52938656862bec,1779295806
packages/terminal/src/components/bento/__tests__/BentoGrid.test.tsx,88,20f4168654f1eaa10a92da2f2a2694e8bcd36cda08322b029eb2aa357793f48a,1779295806
packages/terminal/src/components/brand/Logo.tsx,256,93fc086f70a098655a8298508bcab2ddce8a06efe343caa0b582f19ad672c9e3,1779295806
packages/terminal/src/components/brand/__tests__/Logo.test.tsx,166,1eea44bdc983c1a33645da902199128ef92d982a1b0cc38d59ba5d5fd50b8f77,1779295806
packages/terminal/src/components/charts/PlotlyChart.tsx,69,e2c146311833319d9cc9026a17882dc9e5c8df9cdc65750ee80bcc2d22f3b9f5,1779295806
packages/terminal/src/components/data/CompanySnapshot.tsx,322,227afb708af85b66607ad57924b35a61eb4994ee8b4f8c3a9ee11ad157fb3541,1779295806
packages/terminal/src/components/data/DataDirection.tsx,109,6b7f84788cd9997840c7b149a563cc582fa61317aad78cf958ea871fd705c62c,1779295806
packages/terminal/src/components/data/DataNumber.tsx,75,6ed90bf97260a3ee5ba5eb49d163cb58678512e590fd63507890196d43436c23,1779295806
packages/terminal/src/components/data/__tests__/CompanySnapshot.test.ts,251,61435d8b41f8d88db41962a8570c534dd3871f666524b39dd595b7eb13d2467c,1779295806
packages/terminal/src/components/data/__tests__/DataDirection.test.tsx,81,3219ab77f7bfbfacacc7e1efde3e59dc36a9ec57644ada6325031e06fcad2f07,1779295806
packages/terminal/src/components/data/__tests__/DataNumber.test.tsx,66,0cd431a7728e5d7401579ecfc88973b6977e42b1b158c57a1655889b374fbaa1,1779295806
packages/terminal/src/components/demo/DemoChoice.tsx,163,588ee519b334f691eaaad0ce023fddaa51afb03ee4bb60e17b87a16069c63bd5,1779454881
packages/terminal/src/components/demo/ExploreTour.tsx,292,37a59865b6b156b43332dc462907e986aae53717ce2b3bd38f9eca9c39e7292c,1779295806
packages/terminal/src/components/demo/__tests__/DemoChoice.test.tsx,55,ba9246156b54a3cb6e935b74dc6e9e993d12ead536e78b77f1fc8172d4b5bdee,1779453193
packages/terminal/src/components/education/ContextTipCard.tsx,124,c9edb041b3109465754344c26d3efd3736014e359817976281e73b8ef0ecbcd3,1779295806
packages/terminal/src/components/education/__tests__/ContextTipCard.test.tsx,129,4d538efad1e08e8ed5b455a25ab599bdea403140ee6200a5a1e1f4dd69f9bdfe,1779295806
packages/terminal/src/components/help/AITutorPill.tsx,726,a4f2c7970aa4017ffe59344b8ecad04ed9a36b73bd7ce7df0b120fc2f2a462ee,1779442306
packages/terminal/src/components/help/InlineHint.tsx,197,9c20d569e3b2bf698b4db27c31b6e1aa339806592aa26f9a4a9293f698c236f4,1779295806
packages/terminal/src/components/help/RouteBanner.tsx,113,cce0140d11dca10482227ed8aefbf79168e84787518185af5a90e785eab430e3,1779295806
packages/terminal/src/components/help/SpotlightTour.tsx,469,14265e817a744cbca3b795ddd8ad1c3d0ac56fb51830de061a642ac164aebd2d,1779442325
packages/terminal/src/components/help/UpgradeSuggestion.tsx,252,a09bc618e22148f4cee909a6cfb84449d30df1a089375bcd791815b910de0596,1779295806
packages/terminal/src/components/help/__tests__/InlineHint.test.tsx,128,abb1666ebd4935e7b03ba9d90d6bb6245c01a703d934bc3980cc821c0ecf401f,1779295806
packages/terminal/src/components/help/__tests__/SpotlightTour.test.tsx,189,87bba22f1e2a64d666e4c01cedf6e9cb4e6d81e809598325bf9313072e2c6ce9,1779435374
packages/terminal/src/components/help/__tests__/UpgradeSuggestion.test.tsx,143,53bba10e0789275fd150125b450df06856dca2980298406797f873aed8b5f686,1779295806
packages/terminal/src/components/help/index.ts,18,105bf8f9c7a9e97e80345f58a877c52f759fd747ae60da387fc256110365f9b7,1779295806
packages/terminal/src/components/layout/CinematicLayout.tsx,130,571e4774c9542dc0b85470e29aea53aabed4ea33bb21c4a7901444eccd684e32,1779295806
packages/terminal/src/components/layout/ContentShell.tsx,76,0cb544a9438b55fc28c6cde7d5aa293b2d846c632f4a5dc7bcc0299659a6922d,1779295806
packages/terminal/src/components/layout/PublicRouteShell.tsx,212,6c587f4b3e62e4bdfa66e7fbc09ee765ef32041dc4616adb3c9f74478e692ae0,1779454770
packages/terminal/src/components/layout/SectionHeader.tsx,75,4236cd1ba7e2028475f9cb6c3d56f9df9f992bb692d0ed7525e7680645ef4e21,1779295806
packages/terminal/src/components/layout/__tests__/CinematicLayout.test.tsx,181,ad10622123a8324eee7e6db10dd2b55f429d8e5015e9d14a8f85393173f56209,1779295806
packages/terminal/src/components/layout/__tests__/ContentShell.test.tsx,81,323668e75cb87aee804ae4f4f62854813a68f69aee31ac215c36481415dd97f2,1779295806
packages/terminal/src/components/layout/__tests__/SectionHeader.test.tsx,97,8ed6bcb6549243f07e586b554e3ff22cb7f13e64e75558c215d5a78c4df9ff4f,1779295806
packages/terminal/src/components/magicui/__tests__/particles.test.tsx,219,3a12a2df48b6b150b4e28987de9f911767806f7b9d995746dd86d46cdc145d36,1779295806
packages/terminal/src/components/magicui/animated-counter.tsx,105,27d8f3d43755a028680f21cefbaa903c66fd8153fff44dcb49b16276ad7e5a6d,1779295806
packages/terminal/src/components/magicui/particles.tsx,271,a3546d098e00dd3545ee8b65a974032ebeff37bb7feab688b9cf15daf81f578a,1779295806
packages/terminal/src/components/magicui/shimmer-button.tsx,108,220ddb3fcbdb9f3af7cad2ae6d14c1f961ba4bd172812774983cc5d2eca32217,1779295806
packages/terminal/src/components/motion/PageTransition.tsx,51,3a76c81a06b2be15a527e395795294e3027a819dc69b5692f53b8b77183c7788,1779295806
packages/terminal/src/components/motion/StaggeredList.tsx,101,5e75f4434ba45aa1d0e27970f132dadcc11485610fd3ab0f3a723830ddfc88f5,1779295806
packages/terminal/src/components/motion/TabTransition.tsx,41,ce0917e69ffd500b685b3696410e7c374b2fdb4977eb7b30f060c44098518b4c,1779295806
packages/terminal/src/components/sandbox/SandboxControls.tsx,433,0b92ea75c0aae1910d8c3516d807db726aeb66a3d61aa8af3a70e8cb5dc6e4a9,1779295806
packages/terminal/src/components/sandbox/__tests__/SandboxControls.test.tsx,50,97e32ee4c6ccb63782fd3a92f33558fa782c65052cc2deda6a9012b27ca01403,1779295806
packages/terminal/src/components/teasers/FeatureLockCard.tsx,125,ba1761d73cdf30b747a14df97338e603c4ea3f160bd195ed692a3bc2fe37a9ca,1779295806
packages/terminal/src/components/teasers/FeatureTeaser.tsx,166,e8df31431189fd61a904613edd8def4a64d2667d5195498b1cc2c167aa7141b7,1779295806
packages/terminal/src/components/teasers/NotifyMe.tsx,161,3c0d074418ae3757041329076f395b8f184b529ae6950973dde712a82f1d3df2,1779295806
packages/terminal/src/components/teasers/PreviewBanner.tsx,206,819233bdb252e2cbd4e07670d3c6fd7673523134b1b9f9abb8745d74eb92d129,1779437295
packages/terminal/src/components/teasers/RoadmapBadge.tsx,184,e43cb5c7617c8b492ac9099825378fbf842b66b3c08bee0860139771ffbf4f3a,1779295806
packages/terminal/src/components/teasers/__tests__/FeatureLockCard.test.tsx,107,0caf49270c34b990e1949b6f46e7b633144ca7e33493fa4fa19b1bd61a9333b6,1779295806
packages/terminal/src/components/teasers/__tests__/FeatureTeaser.test.tsx,132,b2565f5c55ea6a9b452b88e200febd4f38361e33254e793156a14fd0c06d3fd6,1779295806
packages/terminal/src/components/teasers/__tests__/NotifyMe.test.tsx,108,a2df3741e4312a35fcc29993e3c9af146849d4657655b8a6b41b0591a84d6c6f,1779295806
packages/terminal/src/components/teasers/__tests__/RoadmapBadge.test.tsx,95,73d5dc7c2d9472562e77e5d05e1f871b52907c8509c9de398be9bd60556484d7,1779295806
packages/terminal/src/components/teasers/index.ts,26,b10ea90bfdad9c4110b255e243d04c2f8cff8bfd3b0c881d7e10558299bd5710,1779295806
packages/terminal/src/components/teasers/types.ts,73,8429ef44696b4208aaa367cdb31ea2eaf4bfec963433828ce8d00b58c6063cc1,1779295806
packages/terminal/src/components/theme/BackgroundPicker.tsx,383,14113a56e2603c1c58345d368d461de3425d8eb3f4833e01e563222bdb883d4f,1779295806
packages/terminal/src/components/theme/ThemePicker.tsx,700,2e70f9ab73bf5e77427de9e598a743cc119c16a751852bdf249f192e693a5386,1779295806
packages/terminal/src/components/theme/__tests__/ThemePicker.test.tsx,108,e4a73aaef40edeaed8074cb3df440b6435017cf81cbbb8a3a90e1447410aaa46,1779295806
packages/terminal/src/components/theme/themePresets.ts,524,f62fc70dfd342eca04ad37952cdd1723aa3bc8480b59434ed8c5e728ef9a5599,1779295806
packages/terminal/src/components/tradingview/AlertTemplateBrowser.tsx,332,6c70aa81f2ffa9007b175e24b0f22a3faa4f403ae345f5a254fa53ac74bb71d2,1779295806
packages/terminal/src/components/tradingview/TradingViewWidgets.tsx,413,de867389370d158bf379477acedd35b025736b5fad0d8f83d9d2829ee815915a,1779295806
packages/terminal/src/components/tradingview/__tests__/AlertTemplateBrowser.test.tsx,295,507b854cce4ecd650a138167941694a1d09f5e8e5353abca1d126c37887beb76,1779295806
packages/terminal/src/components/tradingview/__tests__/TradingViewWidgets.test.tsx,275,d273bfb12f2b3706f9bc143cba486aa6d60f96940f6c4ef32b881a0bf8b53087,1779295806
packages/terminal/src/components/ui/DemoBanner.tsx,17,c45208e59e46de2d5d5b51bf0b4b5608bbbe2ab45fb4237825c7c8d6b2cc5e33,1779295806
packages/terminal/src/components/ui/GlassCard.tsx,186,8b281c871bc86c29a58b545a7ba5dd31ed6c3717f3fddb34a895ea25f47d102e,1779295806
packages/terminal/src/components/ui/GlossaryTooltip.tsx,45,91b56e8db20ad31a842f6aa9c0e5404afc756937ff807559da99c77f485975be,1779295806
packages/terminal/src/components/ui/__tests__/GlossaryTooltip.test.tsx,70,bbd70c37758df8422ddf7b5e2cf00b22da1ffaa54a06766ee0e8f04dc3eb57a1,1779295806
packages/terminal/src/components/ui/alert-dialog.tsx,157,6cf070db581350b131925f8519a57fc8451b72ca091d7e6acf5f673cf25b51d6,1779295806
packages/terminal/src/components/ui/badge.tsx,52,b848ed9799d08146a42af78f367b06b517a1c484bafbd910aa251d6fa95cd541,1779295806
packages/terminal/src/components/ui/button.tsx,64,c8e6ef570f44d6197c3bfb4de7b3ed25e7ae0ea651fb90cede1cd64bd80d17be,1779295806
packages/terminal/src/components/ui/card.tsx,92,59aa9de47ab145ae319dda6364879d4f224d8bf607053643721fc135571a966c,1779295806
packages/terminal/src/components/ui/command.tsx,184,361193df1e3d64a9e9b5048f045264782fcb387aab3f00f2b805fdcbf538b16a,1779295806
packages/terminal/src/components/ui/dialog.tsx,156,0884ab017ab59b5f8bcba46977bb916e41cc518c2e56edb989c3bfd73a0ac99d,1779295806
packages/terminal/src/components/ui/dropdown-menu.tsx,257,53f75896dd9e6a77c1cb9c2032a2067ec874b01b7384b5a8df607ce13ccf138b,1779295806
packages/terminal/src/components/ui/input.tsx,21,8c4612a7c41319ac5049daa3b34b080f9784b6245c17780eb87c127e58e473db,1779295806
packages/terminal/src/components/ui/label.tsx,22,70d2b90324e521926a48678ce5329446caaed155c6e5954a454499d5b67a014c,1779295806
packages/terminal/src/components/ui/popover.tsx,89,9b72438de7017706327aedd989f6ee16879cb6236e6d19e260d19eec0e267f52,1779295806
packages/terminal/src/components/ui/scroll-area.tsx,58,0c712f49d4513ab7e79f4c75831a288251414fd63f0371fb99d17ec685d1f1eb,1779295806
packages/terminal/src/components/ui/select.tsx,190,d9cda7e0c0b26b530b823494d1c7b484bcd841dd9aa01b1587a4aca2a0dad842,1779295806
packages/terminal/src/components/ui/separator.tsx,28,1a56f65ded1db3ead9881b3ff28a0958be78473056eb922c2cbbf6602cf0b3ab,1779295806
packages/terminal/src/components/ui/sheet.tsx,141,c390af47784ec7f8fd7e04225114d38a554e393c701f650001758506387846dc,1779295806
packages/terminal/src/components/ui/skeleton.tsx,12,5c783ba86786b79a1731a6beeaa28eca8b1d7231b87a02d0129b9f6f611fdd92,1779295806
packages/terminal/src/components/ui/switch.tsx,37,bca33638835507eeb185c2264fc5afaa3f60e3fd0082c5f736b17b37d55c3f41,1779295806
packages/terminal/src/components/ui/table.tsx,114,0eeaf3e021e93bc830279865f2b43dde53a1e9acb4c33b86fad8a04b0560b0d2,1779295806
packages/terminal/src/components/ui/tabs.tsx,89,ea4b6a3706ad7e70113b89017bbe588131f80e62371e7f0bceb12e2a869dcd4c,1779295806
packages/terminal/src/components/ui/textarea.tsx,20,eb572a3eca38fcf985f2861a3c377484010e1a03ea85ea19c58add5f0facb5b6,1779295806
packages/terminal/src/components/ui/tooltip.tsx,55,7760773937793b609533fa9bf4be69bf29dd2c363c5cc2910af645eff60e3d4a,1779295806
packages/terminal/src/components/welcome/DailyWelcome.tsx,313,4b4762dca714bce3d1416b81d82c8a911bce02c15989edd0e9dadca4d163be74,1779295806
packages/terminal/src/hooks/__tests__/chartThemeHooks.test.ts,315,b3ef956178e55b781d46b4e5e1c936e1a46e74fc1a48b9487fa57dbbeef4e2b4,1779442344
packages/terminal/src/hooks/__tests__/useAuthGuard.test.ts,111,dd99246aa2154f793ded34afe4d6fe4a3f090faa2cbfee88c5806740b8912c6e,1779295806
packages/terminal/src/hooks/__tests__/useBrokerAccounts.test.ts,406,031e80fc88e5bea1c636a047b98c4c684ee5e53721df5f1422cae145e54fdf52,1779295806
packages/terminal/src/hooks/__tests__/useBrokerAuth.test.ts,95,e926fadfa25def06392fa7583b91247beb1805990aff5c21b00f7fcf50ba55a4,1779295806
packages/terminal/src/hooks/__tests__/useBrokerConnected.test.ts,290,2a6a0e01e3bfd6ced30319a2c69e9ce18723fc73544d0fece631c1407cb28eaf,1779295806
packages/terminal/src/hooks/__tests__/useBrokerList.test.ts,111,2b37b8ef0a11b045edc395bb03a344bf3e7de05f8669540d5882670ffefa47e1,1779295806
packages/terminal/src/hooks/__tests__/useContextTips.test.ts,132,f23c6a7c0d916b19a3dbdb9856be93d41849d7acd2c09995c71cac94203789e4,1779295806
packages/terminal/src/hooks/__tests__/useCrashRecovery.test.ts,304,88df60861319438d015853c5d2d9a2e09d3a4a1d9b2def59e35e500c3b99bab2,1779295806
packages/terminal/src/hooks/__tests__/useDataHooks.test.ts,370,0e66ecbe82c9c85f033dae8462b2e842c7db0fcdb15bc09a68bd1997a1d3ea27,1779295806
packages/terminal/src/hooks/__tests__/useDepthData.test.ts,100,b3e82a88c25427eb8d4f61142820bb1bd3625aa83586b833cf68b9268f61f6e2,1779295806
packages/terminal/src/hooks/__tests__/useFeatureGate.test.ts,73,65b7e63c7000769fac8436b8369968ad93a167fe22c3423a6d07e8848e74d2d5,1779295806
packages/terminal/src/hooks/__tests__/useFunds.test.ts,136,ff1578f148aab8debf038fb025a8ca528e90e4af981339be0cde3015956d57af,1779295806
packages/terminal/src/hooks/__tests__/useGlobalKeys.test.ts,168,388e63b24f20eb70658ca4ac05c5ed0ae91cfd2ad9d9e154d3e7df4ac0091ed7,1779443548
packages/terminal/src/hooks/__tests__/useHoldings.test.ts,80,724eb3a453268188cda1907c45b33c6e51c6a4dcc7bc5929d75ceb212b9ea9cf,1779295806
packages/terminal/src/hooks/__tests__/useIpoData.test.ts,165,8b3f4c8684e2d3b253ce2066f70e7cc58c92092ff56b2b71fb071cfcc662a873,1779295806
packages/terminal/src/hooks/__tests__/useMarketIntel.test.ts,184,3494b7342e563224cd30c6417cf08c4db0ca3ecbec5a825b44ad8c1cacc6048f,1779295806
packages/terminal/src/hooks/__tests__/useMarketStatus.test.ts,114,2e90e49ca1fabb08474cf61d3af3555d1a0853de1f09dc246bf37b754072e0b1,1779295806
packages/terminal/src/hooks/__tests__/useModeData.test.ts,281,712f7172244a2d930a2c7f207672ebd8b266c5ec7924bd9fc4db60d8b4100bc7,1779295806
packages/terminal/src/hooks/__tests__/useMutualFundData.test.ts,188,d83ac706a3e17445b408a0316233e6b8ee1ae13c8abbc48281f40642b612c97d,1779295806
packages/terminal/src/hooks/__tests__/useOptionChain.test.ts,96,61febfb94315d71a8075058e29245b13d498dc5b0b597bfd78ee5fc063b8979c,1779295806
packages/terminal/src/hooks/__tests__/useOrderFlow.test.ts,175,1e7efa498821982e6342831e923291283ad35ebee7221275e35ba1c11806b0c8,1779295806
packages/terminal/src/hooks/__tests__/useOrdersPositionsMargin.test.ts,213,974197561162d6d4f0b9192a2169545fd22226d073ca4fce93d3f971b2529a19,1779295806
packages/terminal/src/hooks/__tests__/usePrevClose.test.ts,402,ed113adc686505b55a4450b959f469dbcb6c3967f7599ea31e3cdf9abe7c8a12,1779295806
packages/terminal/src/hooks/__tests__/useScannerData.test.ts,157,7e696e88555c448573776ec5c23a5bbf8c0ffa0fd2d515cde1ab83ab6bf6fd44,1779295806
packages/terminal/src/hooks/__tests__/useSettingsState.test.ts,169,2ce2852ecaf9406a53183711f4601588e7c13d43a129fba12bb70e87ba8c235b,1779295806
packages/terminal/src/hooks/__tests__/useSignals.test.ts,161,df76785b71b551145d311c6d82ab0b7259630b8a262fc9778fa53faea013def7,1779295806
packages/terminal/src/hooks/__tests__/useSkillContent.test.ts,279,2c41321fe4e24f9bf22ce7ca61ac612fe35fbfb6a3f7030619c01a958d7986b5,1779295806
packages/terminal/src/hooks/__tests__/useSkillHooks.test.ts,163,a3d1f3d9c1c788e204b1009fb59aec077a9ecdb7abf9029c7e258a74bc395b90,1779444772
packages/terminal/src/hooks/__tests__/useStockScan.test.ts,141,12ed26181c367c0fa07ff8092b9a0b3c666ca0419e09773633bb53a3c6b18ec3,1779295806
packages/terminal/src/hooks/__tests__/useTestConnection.test.ts,628,b900b0b2fdc35aa49033f50f54977d4dd58f5363c555d86ffa0b0a1862ce8793,1779295806
packages/terminal/src/hooks/__tests__/useTickerFallback.test.ts,412,619c0a7bb0c5f1c78aa96bedaf1ef0ff83f41f884db3577b89cba2b502c9be9d,1779295806
packages/terminal/src/hooks/__tests__/useTradebook.test.ts,78,3cbb2894707fc14ca861e80bc8a29952ea53d601a6a2471df10a25ac0eb62a81,1779295806
packages/terminal/src/hooks/__tests__/useTradingStoreSync.test.ts,113,8b18fdbfbc4d7846869012c58208c5b29e90013be5527c2f1ec826e84785a5a8,1779295806
packages/terminal/src/hooks/__tests__/useVoiceAlert.test.ts,191,71d777928125f5ee048fed9223effad23d2bf7dc935efe0ea3530e8aa1efaee5,1779295806
packages/terminal/src/hooks/__tests__/useWebSocket.test.ts,180,511bb5e51777494636e78a3bcce07b2ec0497c6ada07abb98940f65afc1ed707,1779295806
packages/terminal/src/hooks/__tests__/useWsBridge.test.ts,818,8a3cc1163cb719be43986dbfb513112f996d7397d8216b52e9d8e26626f3bcf4,1779295806
packages/terminal/src/hooks/index.ts,14,003b1f2efb92e08970c90b9bd687cd6aff8d74c3ee2206d2b0ccd0d0ce3bc5c1,1779295806
packages/terminal/src/hooks/useAuthGuard.ts,67,75fcb6046977375aa952be65a75d889a10977a14053bc1bb41522ef3dc6cea14,1779295806
packages/terminal/src/hooks/useBrokerAccounts.ts,29,0779f1f98ba0ed0cfb20228113afe06c006d9500e1d22edd6b142e49453ddff5,1779295806
packages/terminal/src/hooks/useBrokerAuth.ts,74,d78381ab061ce069134893978bb2a5f38ba11f6b1567e0c3346b661581196588,1779295806
packages/terminal/src/hooks/useBrokerCapabilities.ts,29,360f8b1ec5b9cb2979ca252dd5ce7c74bd5db9b1acdd60f7ab2b1aaaad45381d,1779295806
packages/terminal/src/hooks/useBrokerConnected.ts,23,925f0de40a9b547eed27432aebf7997242b2971ccdddaed56510c1eb17819219,1779295806
packages/terminal/src/hooks/useBrokerList.ts,10,0bc46946cfa87feaf59e9de4c03b433a916c2129673cd20246f4cb27fc892b7f,1779295806
packages/terminal/src/hooks/useChartTheme.ts,120,2e1b2bbbdcd4b82164099e05b1d7712c7de88a817a6cb984e1456905fb21ffcf,1779295806
packages/terminal/src/hooks/useContextTips.ts,85,5a486d7c5156939a2d7406cfa09dbb3c9dbd389e3d3b613e5428d0df494e76e4,1779295806
packages/terminal/src/hooks/useCrashRecovery.ts,100,94315f19857fd352a568ee1cdfb36aae584a3b4a3f31025157d6ff2afa135fe9,1779295806
packages/terminal/src/hooks/useDepthData.ts,35,06f8fa8f2858ba1c50c46dca807aba3de88d3d3d2dca98b5efdc91c7f4ff045d,1779295806
packages/terminal/src/hooks/useDockviewTheme.ts,93,09072dfca615b4450ae68336f646ed5add435d13f4211b35e0664b965fb0d057,1779442393
packages/terminal/src/hooks/useFeatureGate.ts,13,575a63f7d8da48fd9e46e499c088318258219d1069ca825a3cfb5374f5717360,1779295806
packages/terminal/src/hooks/useFunds.ts,20,8e60156f79d90b7576086fbf66fec23dca3f8c2ef71f68b0851f9b4d333a1b6a,1779295806
packages/terminal/src/hooks/useGlideTheme.ts,80,8bca5cc655574c9186bcec83b896cdfe0a46952bf08126c004f44bc34dbc078c,1779295806
packages/terminal/src/hooks/useGlobalKeys.ts,92,7f655de8aa6331d821203bd8e0d7f4311f612b31a2fa09d39244cbfc942a7ebe,1779443543
packages/terminal/src/hooks/useHelpPrefs.ts,6,533928e8e0986c7addd8977b22e331ae1416eb07a8d31c54b24c379e85de8a86,1779295806
packages/terminal/src/hooks/useHoldings.ts,14,c33c455e8cb413c5ee7bb2b7700f7ba5a8a97388363a8378b9d2827c7fd8b910,1779295806
packages/terminal/src/hooks/useIpoData.ts,229,4ae6335a34837ab2fe6a10638af7a917116e4a4654828c24f8975f732758f0b0,1779295806
packages/terminal/src/hooks/useMargin.ts,19,85eb1df9e1746f9ced2e236ff26ea2d547ec6e3613d760a2337ddd395e3a5b15,1779295806
packages/terminal/src/hooks/useMarketIntel.ts,40,f07958aee7e4531ecb99ac912c1b8b435f161893d50899485913c08bad9d6549,1779295806
packages/terminal/src/hooks/useMarketStatus.ts,19,e8b4c0a014e00730b9384364db42bd75ff0f41e6119f9a4864c637e1bdef2775,1779295806
packages/terminal/src/hooks/useModeData.ts,178,15466960bc665709507462e4e7315026e95fcd3a99dd1269d483986c8b8a8eb8,1779295806
packages/terminal/src/hooks/useMutualFundData.ts,239,5cbd7f480653720db8837967b5a970d2bd5bf2b4f912297a5f8d9ee5b07ba46c,1779295806
packages/terminal/src/hooks/useOptionChain.ts,13,fadc55494744f6c6fff3f066958f9aa897936b99e9d3e48e602ca34239d34c43,1779295806
packages/terminal/src/hooks/useOrderFlow.ts,81,ddeea9de08985f5563e0312a94c4f4f9d26e69d498e5b21e0e56ac6b49cb9a90,1779295806
packages/terminal/src/hooks/useOrders.ts,14,420965022b18ed3e6a043d70064cbe3256156a235cad58c8251aab2dd62bb836,1779295806
packages/terminal/src/hooks/usePlotlyTheme.ts,112,30d643e58f51389be13ce3a496220749c8482dd5db00c6dc56050676fdf4a772,1779295806
packages/terminal/src/hooks/usePositions.ts,21,a45da8776b84a2cda1bc4762e587fe19221beecbc3b22ff5a9b1b05f7c0dc42d,1779295806
packages/terminal/src/hooks/usePrevClose.ts,193,f2d21120e6a2f4789f2dd4edf22f5ed0f94db3467b3d0b084d788ab44b7ca211,1779295806
packages/terminal/src/hooks/useRRGData.ts,42,4467fce4a848e8b962c2b5daa53bbd6c7ee370ceb3da598f973e42e1b65df3b5,1779295806
packages/terminal/src/hooks/useScannerData.ts,265,f042f2db214e9b25828024485139922665c29cde46541af0df5fd29051a35fa3,1779295806
packages/terminal/src/hooks/useSectorMapData.ts,159,e1d57b5213994830dfd00af3c42812ac71d41ae486d29182f7d1b4e249476eef,1779295806
packages/terminal/src/hooks/useSettingsState.ts,320,cb10bebab2e71b0b267074603cee547c5adc2a634f76c37a18b94e704706a24a,1779368407
packages/terminal/src/hooks/useSignals.ts,191,f200004f38a709121e6376bf7c3fa9affeb39c7e51eae84d6c460fe2077088f3,1779295806
packages/terminal/src/hooks/useSkillContent.ts,155,0a88d83cc542f1ca4745851b2ac07303dc87e32f526ad233eae3f355720a0fb8,1779295806
packages/terminal/src/hooks/useSkillLevel.ts,9,c9038ca75b7b2be129526d69dbb7b71f6cc5df675871b9b1c3cf36a1dfe41002,1779295806
packages/terminal/src/hooks/useStockScan.ts,97,30e9768544b68d72e24f8b9df1e68a1058a2f38c593eba8a53cf159037ea9496,1779295806
packages/terminal/src/hooks/useSyntheticFuture.ts,13,abef2fa0af49441da114d9734307a0d4f54325629b55e5e89ee87e500114935a,1779295806
packages/terminal/src/hooks/useTaxReport.ts,57,b20894245a93db6da47874aa22687aa455d666e4b1a7632933b3abe21664f310,1779295806
packages/terminal/src/hooks/useTestConnection.ts,61,ac456aea89a0742afa9a8c8d242986c49be1488d42e5ca6853a0edd738a4583c,1779295806
packages/terminal/src/hooks/useTickerFallback.ts,139,78e2b02991019cf38e011b064136610322c8653d7469b9257249237f710359fa,1779295806
packages/terminal/src/hooks/useTrackBehavior.ts,11,b43cdc90dc636fda53fd44bbc6641491be4622ece423eb53918788e024b390aa,1779295806
packages/terminal/src/hooks/useTradebook.ts,13,ba1f86ec59228191aa6e56f942fde68af81d9fa6bb6282eeb4ec2e0c7688c9a6,1779295806
packages/terminal/src/hooks/useTradingStoreSync.ts,36,b99bc7242454e6dda32555ac9a77e87412fd64b0a791e52d15db16d54f57e851,1779295806
packages/terminal/src/hooks/useTremorTheme.ts,69,a3b009a8ec7172af8e37a6ea7690d6de2077a8f44b5b69df716a510d14cf5c04,1779295806
packages/terminal/src/hooks/useVoiceAlert.ts,158,6b0a1d1cdfd979b268038061a4e07e2d9c4ca975d9946aef28704f25ff06e7ae,1779295806
packages/terminal/src/hooks/useVoiceInput.ts,274,085c8565eb1bfbacbbbf2f8d29798dc5737a49d0a53116491eef61eb7677cac1,1779295806
packages/terminal/src/hooks/useWebSocket.ts,114,5e675db8ed9712aff7d8359bcd1bbbc5cf1c74eb058d5025187578477bcb1b6c,1779295806
packages/terminal/src/hooks/useWsBridge.ts,135,7d1b6fb845846aa612bd3ce64ffba65b1413824e3fdc62c7d0ca4ff43e07117a,1779295806
packages/terminal/src/index.css,593,053886da342a2be7171186b94f3ee1785762541a9479fbef2c5710740f21dfc4,1779442261
packages/terminal/src/layout/presets/analysis-desk.json,64,19c41dda09520693acae20a56a0d58fd760d9e971bd3632e5f87ee2f650e5452,1779295806
packages/terminal/src/layout/presets/blank.json,24,41882ca4e137ad413fcd043d4c9879c3c8afab8a6e89f7e2b57f5ff11197c8d8,1779295806
packages/terminal/src/layout/presets/everything.json,169,43257a14feb76f34c49b275d6a2cbf3e3967a7f2786af20c39f9d1f8db7d2402,1779295806
packages/terminal/src/layout/presets/full.json,46,91c54b8e63af6ea8d0d45f3c17476b71fa0a38e3daf1dee59df05f6c9b105f72,1779295806
packages/terminal/src/layout/presets/invest-lite.json,37,bb44ecc6fd4b53926a184d41b276231f598d2f9d323ea9fa4d9e3eb99e2ff990,1779295806
packages/terminal/src/layout/presets/investor.json,47,14c4744a012433c907112ecf70e1c2dfc5b4800ce7685debc046a8f2c647f48f,1779295806
packages/terminal/src/layout/presets/learn-first.json,37,5a13b4f99efd3ac50c3996266a40c0969db69064d8b0bb100b445db614b31127,1779295806
packages/terminal/src/layout/presets/learn-then-trade.json,54,abae9350379e1f7f753e9ddb7274a80751ac4a116387ef4c2f33c6240882c8d6,1779295806
packages/terminal/src/layout/presets/market-watch.json,48,b482d3487839e61419cf7cd9eb1c2bf3009f2c6582f4cfece00afa51ee714d1e,1779295806
packages/terminal/src/layout/presets/minimal.json,43,cb776893fa6b593949c748e3ccfa7752f80edd68076c17366965610cc734352a,1779295806
packages/terminal/src/layout/presets/power-user.json,66,189f81c4dc84173b602d54e8077060d44614e52d5b15a2c223b886c68d5c3992,1779295806
packages/terminal/src/layout/presets/risk-monitor.json,54,d2f53cf61b8f8bf446b8ca01f2a9756388ca0de57a5cfb25efc6c3ac4ed5ac8a,1779295806
packages/terminal/src/layout/presets/scalper-zone.json,38,e905dd0d7c8cb5fd3cad7f2c969b866772ef5b7a9338bcf7d7db9bd94cbc8259,1779295806
packages/terminal/src/layout/presets/volatility-trading.json,71,96bec304b86cdba1c8b719502abefbe405437b6a216f6c800c8f656429b1720f,1779295806
packages/terminal/src/layout/widgetFactory.tsx,329,3eac4428096d66549ab37be68b859e416e0c503c2a3756ceece7c575c2a0739e,1779295806
packages/terminal/src/layout/workspacePresets.ts,933,4b6308f1ac98af7b705f81750a6cae71ac271500f7539d5c3c1efbb835d50e63,1779295806
packages/terminal/src/lib/__tests__/cinematicThemes.test.ts,16,5a2ed25ee1da51282c61aa991f14a79a5f12176d52298f7a00b0c06f905697ad,1779437522
packages/terminal/src/lib/__tests__/colourScale.test.ts,122,55be1bdcca3ac23fce097c5bf07e236ba58cc70e19eb4061811bb612e738c569,1779295806
packages/terminal/src/lib/__tests__/contrastUtils.test.ts,205,1fc37cf6da62ea6b1eb84c7c5085ebb0952fc7d9c01f67f198b7d6d82e7e9fa0,1779295806
packages/terminal/src/lib/__tests__/cryptoPairs.test.ts,379,744be236213ca7e217b215a52d482dc4dc59725d67a8e024a7d12321da372bbf,1779295806
packages/terminal/src/lib/__tests__/exportUtils.test.ts,151,22140e10ae3b8a7b671f8452bebbc9abb56f91270e1c21ae38fabc2be3cf65a5,1779295806
packages/terminal/src/lib/__tests__/formatters.test.ts,254,49ae1094a0d151fb734aad768cbc01534ea47f0b6745f905083a5e9c59181afc,1779295806
packages/terminal/src/lib/__tests__/glossary.test.ts,70,36b2639a2bd62908f5e9aa127ad26cb1d271ec968ead3c2443ca54b8c7f6d804,1779295806
packages/terminal/src/lib/__tests__/hotkeyStore.test.ts,250,87f7361aeffcf068954dbf4ea0e2c37f8fb08fd8edb7358d26fa449d8cb000d4,1779295806
packages/terminal/src/lib/__tests__/indicators.test.ts,739,066aced92061b9187f947f369b58e010ad1aebb21df1d28a5469897b4acb7bfe,1779295806
packages/terminal/src/lib/__tests__/journalAnalytics.test.ts,428,003dd4eab8f125e7bb885ae2296d84209d4ebf808a36142066528b40a7fc7407,1779295806
packages/terminal/src/lib/__tests__/keyVault.test.ts,131,04006ab4bb00c293111be9f477b4b61dcb687c348356cf2016b0734bbe37ab81,1779295806
packages/terminal/src/lib/__tests__/market.test.ts,335,7886d8bf9e6d6c56fd3a04f31ac500f4f2fe0583a7d55460efebe2fb594d3a08,1779295806
packages/terminal/src/lib/__tests__/mcxLots.test.ts,164,c3d492525a53b05877b7d3a1c2b7af0271e067ac170cbcd452eda513ee1c558c,1779295806
packages/terminal/src/lib/__tests__/tradingviewTemplates.test.ts,271,54122619ed61b521b6e2cc0d03ac6b031358585578b5956f9986587e7cc7fa5c,1779295806
packages/terminal/src/lib/__tests__/upgradeThresholds.test.ts,317,37cac6ad5b4bb2e78074267ee99697c876a3cc5c60528da80c48770f46977fa9,1779295806
packages/terminal/src/lib/__tests__/xirr.test.ts,99,3dbc13362f7d32a00ae7d790a2f2ff7b5a5304cafdce6608e518238c7cf40b90,1779295806
packages/terminal/src/lib/cinematicThemes.ts,502,a3b33281183846002bb00928200682d7a5db10fb04d65bc97984c39293fe6107,1779437611
packages/terminal/src/lib/colourScale.ts,156,16bb4fb5d95abd78fc0e12af2bad055e4bce5966bb9055050de4a36135feff7a,1779295806
packages/terminal/src/lib/contextTips.ts,415,8a2cf7ea05326fd8010ca434241a68539c6fede875fe2b595537eae21d445f06,1779295806
packages/terminal/src/lib/contrastUtils.ts,145,c8b813c96105d2bc258077dea76c2759db074552ce4bd7a56b194ae993ac4c3f,1779295806
packages/terminal/src/lib/cryptoPairs.ts,339,f927f1c6a2f47c3a97cf636d11dd23c838028f9f75611f58e01de411b2ba393a,1779295806
packages/terminal/src/lib/etfs.ts,88,4d526798d4825847dcc2d593ae36b3fa0ea6acbc7dcc6b306ef8c9b3292ed64a,1779295806
packages/terminal/src/lib/exportUtils.ts,44,3f8b5d6a02bfab8196f3392c9ed32aaf462c1c3542f00c3cba3715e7827bed8e,1779295806
packages/terminal/src/lib/featureGates.ts,68,7a4dfd2bf52e73dc3d836dec6c1a39075524e2cdb76013349d38b7784a7ba134,1779295806
packages/terminal/src/lib/formatters.ts,194,f91c088dbf5c04138701c4a81428708ab98a58d2c71acbdc8cc624788f3ab041,1779295806
packages/terminal/src/lib/glossary.ts,69,2f14cec10c3684fdfae2ec518db0d16e53153dfa8682bf55eb5d221f5ade4ec4,1779295806
packages/terminal/src/lib/hotkeyStore.ts,290,a2dc002ffac1d5e70678577c554dc75618567a4c82212d5b38d7c5e13e57a7be,1779295806
packages/terminal/src/lib/indicators.ts,395,e6b22c807b09406099e01c43f81a649f07607fc9f4a8607c5ff79801c9e28172,1779295806
packages/terminal/src/lib/journalAnalytics.ts,466,b4a1b34a443a610998daa40c12709b38a071a8bf17f14919a41a19d1905960f1,1779295806
packages/terminal/src/lib/keyVault.ts,69,694bb38638a82e86cc394cd68535b14176f2a5cd6f37e2c4ccadeeb4b4cc7eba,1779295806
packages/terminal/src/lib/llmProviders.ts,29,d47790e159d0f9a8dbcdcc0caf67f118e1f43de3b1c40c897558d6187e46cb6b,1779295806
packages/terminal/src/lib/market.ts,127,55ccc368a02be623c43a63b6fd29e30e84792bc32cb4175f60f6592a55b67f1d,1779368407
packages/terminal/src/lib/mcxLots.ts,138,e0b1e70d81acad527051e31cb035849179e15f2be0754cdba7aea334481601bb,1779295806
packages/terminal/src/lib/motion.ts,255,ed238222c94e3e25da6616a41275faa3a40b006f2b8390c804eeb4563fe89ca2,1779295806
packages/terminal/src/lib/safeParse.ts,77,545b21ec6d9056844976b2c7beb9ef4d3333d60aa3394de0c81b995d9c3ed722,1779295806
packages/terminal/src/lib/schemas/ftApi.ts,286,7ef5d65ee7eb10b467a767e0ee152c136407787669302dee7d3546895cdf17d5,1779295806
packages/terminal/src/lib/schemas/riskSchema.ts,26,124f87149f7294e30043ed598fe86b8b5b176a362590f98554447ec428f21148,1779295806
packages/terminal/src/lib/sectors.ts,145,ac501562aeae47ce66a848488f9735eafd0a282a246304e7166be022ceb9400d,1779295806
packages/terminal/src/lib/tourDefinitions.ts,144,c05c923afa33220cfb4fef9603b30c7e2dc66482549efb83cff7566efa71bb7e,1779435588
packages/terminal/src/lib/tradingConstants.ts,69,213f8f0b88a63e8bc1d6c73417d0e41c63fcd87abc13e0424456c7276ee99000,1779368407
packages/terminal/src/lib/tradingviewTemplates.ts,462,7bb15a644990ee320a4cfd187880c436bbeeff54c144d1746e918987d0e0a99a,1779295806
packages/terminal/src/lib/upgradeThresholds.ts,105,53fcb5bb14aeb992c5e4438400080145a136eef19fbaba1d5e01794ae8418a9d,1779295806
packages/terminal/src/lib/utils.ts,6,51bbf14cd1f84f49aab2e0dbee420137015d56b6677bb439e83a908cd292cce1,1779295806
packages/terminal/src/lib/xirr.ts,47,62b6f9bc4352d3f68a2292462f4ef377dc0a83d864955eaa7715e961d061fe0b,1779295806
packages/terminal/src/main.tsx,142,e10e5d430fd91f660c7aad5a962d7f79df86d05d8383f21d3229a1f251d962c4,1779442334
packages/terminal/src/providers/QueryProvider.tsx,32,72c43d3429262795d5f022648e566bd33b6cb454caa030ac803f7d236e544075,1779295806
packages/terminal/src/routes/AIRoute.tsx,1061,7e2e569625d516f6b5e1b1420a9b23ca16f751b18d8ee61b278983e3af75df9c,1779437146
packages/terminal/src/routes/AdminRoute.tsx,888,5048383f224e63e7f163bf68be4f9fa848cf6ab5a404b992341d9f3c2af9cc1f,1779442676
packages/terminal/src/routes/AppLayout.tsx,302,a21080019610b8b37e825085c8e498879f25b4fe81a32f3d1ccd2d61637e8ce1,1779454989
packages/terminal/src/routes/AutomateRoute.tsx,132,c695020ec4c2110444fe6f0d8e15b97f344b2c773b3cf1a12137d72a617d89e3,1779437288
packages/terminal/src/routes/DittoRoute.tsx,762,a3dfeb54c812029eeea91f6ad123e961f1df90a2b8aa638f3bae38988122ab05,1779437288
packages/terminal/src/routes/ExploreRoute.tsx,756,dddfdb551296e9a9bf81a9ce94977e1084c7fdd55d8203f8b159369402fd6c1f,1779454955
packages/terminal/src/routes/HomeRoute.tsx,51,618861fd50da256a6bfd0457109631a28386f9bce569047887cdc5fb9408a8e4,1779295806
packages/terminal/src/routes/InvestRoute.tsx,341,095338616b81739caa79581ab7aba4ea3b9f8683dead31defbcbc4da042f5149,1779295806
packages/terminal/src/routes/LabRoute/BacktestConfigPanel.tsx,319,360597446731246ddcb4d92f4d7c38ea62ebcbcb21aae69f142ba528e65624d2,1779295806
packages/terminal/src/routes/LabRoute/BacktestResultDisplay.tsx,209,792380b17169adf7cc2b38f1b02c68cada97a6ce96aafb302f0fff5e495ee6d7,1779295806
packages/terminal/src/routes/LabRoute/BacktestSection.tsx,116,a97b194429017a5910fb5ed62e5321221cc985f03116700d74c01a8d1309ffd5,1779455354
packages/terminal/src/routes/LabRoute/EquityCurve.tsx,46,0e023ec68e2dfa24d1b43f632c162479df3aa804ff04ebd81340de06cc268b49,1779295806
packages/terminal/src/routes/LabRoute/ForwardTest.tsx,631,7f2162b5a257d54b2f8eb0eec9f69bc3d30d07375e86211384c01bb43c8e7544,1779295806
packages/terminal/src/routes/LabRoute/LabTabBar.tsx,50,ee0d401ec287cf5bb944debf6dd4b48fdc5fcbca44b339067335069668edc7e9,1779455375
packages/terminal/src/routes/LabRoute/MetricCards.tsx,75,d41bd67284f358e80157903716446ee4127ea7dc5844ce76b03c51ff9df6d054,1779295806
packages/terminal/src/routes/LabRoute/OptimizeSection.tsx,58,eedaa19af50c7695407d643a47368c02ed87148d3e4215d07cfc67a05fa9574f,1779295806
packages/terminal/src/routes/LabRoute/ResultsSection.tsx,74,ffb456c1cac6e65fce72128fe7488a83004fdf104ed4e29d6fd341bd8e6cf73d,1779295806
packages/terminal/src/routes/LabRoute/formatters.ts,15,19a85b1a5fc9b5b8e7b14ac814d1aaeb4d3eb5194346565c8294d6ea40149367,1779295806
packages/terminal/src/routes/LabRoute/types.ts,17,058a30c48b56939ef1f04e47d8275050670d85f977b316077aabc92460c925d0,1779295806
packages/terminal/src/routes/LabRoute.tsx,99,0aace67296626622a5f25475de89b6cacd2de65251f269ea97d723d3a0b73da9,1779455344
packages/terminal/src/routes/LearnRoute.tsx,743,925b8ebcf724cea39714c283bc6d4ebb4acd77f55e353c657d09322026bef2df,1779295806
packages/terminal/src/routes/LoginRoute.tsx,192,15bc9a6bc92216a79152d74cf8110ab8096d4f7df88220c3ed4d066b6d7274f2,1779295806
packages/terminal/src/routes/ModeSelectRoute.tsx,218,91ace5dd496183d97a6689dc285d587eca475530d41c06bc49f4242c5ad66b71,1779454935
packages/terminal/src/routes/NotFoundRoute.tsx,48,0c340d2f9d56d955bc881c508e37f58aeb3a9a101904cd097bfd14c37f253301,1779295806
packages/terminal/src/routes/RootLayout.tsx,50,03b0546b833350b3ec1cbce47b0117cf8d0d1dea5fa7a17b53ad8f1251c0b058,1779295806
packages/terminal/src/routes/SettingsRoute.tsx,224,e8dfb953cb6ef33be939b53f9fb09d97ed78dce8eb8a330f482f3be36b22839a,1779438405
packages/terminal/src/routes/SetupAccountRoute.tsx,1100,46e9c1317b65d343505746ccfd9edaf6fa821a405b0fcdd017cc2671754ee4e9,1779454917
packages/terminal/src/routes/SetupRoute.tsx,425,809bbae6b87250ad14a0112a17f71fe64946da9375aaf9ee85ad118cb79885f5,1779454906
packages/terminal/src/routes/TerminalRoute.tsx,562,ff28f4c64edfd2aa7d21f37b52e45fcf1ecc138aa5053b41028df755d2e6b891,1779445144
packages/terminal/src/routes/WelcomeRoute.tsx,615,8eac6513c2c5e911d62caf59fc9af55aca4a82ee595320516ba1a115778ce49a,1779460135
packages/terminal/src/routes/__tests__/AIRoute.test.tsx,131,91bfd7d0e7991dab46f05b0b5f597986625091a7e0ea6b71a1ee0e192dff6445,1779434711
packages/terminal/src/routes/__tests__/AdminRoute.test.tsx,71,cc958d582ced29f3b382cbca483d0b35d8b507b0b402adb518c465679eb99b7a,1779295806
packages/terminal/src/routes/__tests__/AppLayout.test.tsx,228,d9f72b3589b83af5b91de5f1f1f90ad7a22fbd81e24fbbbd131fff80175b126d,1779445049
packages/terminal/src/routes/__tests__/AutomateRoute.test.tsx,124,68e16f22bad0d17262730ff2d0587b1ea08a1140b81706d4902b1feb3d13cd9f,1779295806
packages/terminal/src/routes/__tests__/DittoRoute.test.tsx,206,63a5371de11a84b73d4e3d860484c908b2e1b93350ced64a11dd49ef074ca115,1779295806
packages/terminal/src/routes/__tests__/ExploreRoute.test.tsx,135,da69692982528cae4e9b4ee73ce6bf4b45543e6ba0a3d0eb823d4b7ceac09663,1779453281
packages/terminal/src/routes/__tests__/HomeRoute.test.tsx,272,5a497b9095f8bc649592699579c00551ebd0c2fcb8cff330ca3bbdf868ab03ce,1779295806
packages/terminal/src/routes/__tests__/InvestRoute.test.tsx,98,f9b23c41c386f98287c57127a11c466f5ba401319149d29369341ab6e27e2b51,1779295806
packages/terminal/src/routes/__tests__/LabRoute.test.tsx,144,754f3b570494aea469c82ae8eac0008676972fe618cfaf4d6c36dd9256407938,1779442364
packages/terminal/src/routes/__tests__/LearnRoute.test.tsx,67,1d35fb0db0b297999c88e92db0c746ff35398ada7cc977b9c5e2bfd37b5f1de1,1779295806
packages/terminal/src/routes/__tests__/LoginRoute.test.tsx,66,722c4d57acf1f8c0668e00e768b5e5ec9a64c34e0114520576d175e81d838e4b,1779295806
packages/terminal/src/routes/__tests__/NotFoundRoute.test.tsx,58,5039b50573fec178dbda8816fc9b65402f1db0ebf992aa59fdedb70612fad64f,1779295806
packages/terminal/src/routes/__tests__/RootLayout.test.tsx,63,3a39bc6bfa09b303aac201f5f9de3f93abb5b9da5fbc1afa0751fde2d107838f,1779295806
packages/terminal/src/routes/__tests__/SettingsRoute.test.tsx,150,be50589ae3f60e1a930192770a481bba578b004ed715e67c9034c13672bda6cf,1779438415
packages/terminal/src/routes/__tests__/TerminalRoute.test.tsx,240,c093b046b967815d68f13ab0e869686b0a59ea2462569cfa03c9c9903cb0ed88,1779445156
packages/terminal/src/routes/__tests__/WelcomeRoute.test.tsx,141,53e34a84817b747cd920fc4e7135efe490fcd57f0d4ee3f304b9d61a0f0e0930,1779453313
packages/terminal/src/routes/admin/SystemMetricsPanel.tsx,322,47f3976fc483f845c4dd1e0cf0c4bdff78b1b4bebbf0814ce2d18ddc487cf225,1779442797
packages/terminal/src/routes/admin/__tests__/SystemMetricsPanel.test.tsx,252,c05806181395b080768c99566d74d391906eb550b345ea6f45ef6889beeb2ebb,1779295806
packages/terminal/src/routes/ai/AISuggestionsPanel.tsx,502,1848e7c7473c588c08b06090f8d1ebd5fafb5de8741a4473f077038b58e26bfc,1779295806
packages/terminal/src/routes/ai/RegimePanel.tsx,485,061d23be314ad48f618ea939aade7100c9152d4760cf9dc55ac69dc4b26cc6b8,1779295806
packages/terminal/src/routes/ai/SentimentPanel.tsx,565,ead1dbca8aff21f7beca217ace0802bde96e412d04a1e07d5777a2b1c85e5097,1779295806
packages/terminal/src/routes/ai/__tests__/AISuggestionsPanel.test.tsx,146,ba92dc210735c53d326f157196ab767f55f7be3c1a9d5d764b7c2d10bc020a7e,1779295806
packages/terminal/src/routes/ai/__tests__/RegimePanel.test.tsx,308,82b9123b7224825d55931fdcc95bc192da903f7df399137b8c1aff4326f16a76,1779295806
packages/terminal/src/routes/ai/__tests__/SentimentPanel.test.tsx,287,593e2dbfc6055ae8e61c8f1fbf7ca15d61a076534669852ae3fa8b282bc5631e,1779295806
packages/terminal/src/routes/automate/AutomateSidebar.tsx,157,3e48787e04eddb3f8e7e529004289bfa4ae663551c90a3b39f0658d687d6406f,1779295806
packages/terminal/src/routes/automate/CronSection.tsx,171,db6e4bd5ded34baf5b3e5487b93a69d014480f271afe8fbf63a67f6f7be4056c,1779295806
packages/terminal/src/routes/automate/FlowsSection.tsx,490,5caaaee4a75386f84b8feeed1d94374a4392bc05d9b4759345f7c02e6ddc5736,1779295806
packages/terminal/src/routes/automate/LogsSection.tsx,190,6ae871b7fd86dff717f6e4373bd6091ac8c592587ca02edbdc7c6e7383120ec6,1779295806
packages/terminal/src/routes/automate/MonitorsSection.tsx,155,5fef3199a277ba8015747bba3a080f5bffcca4ebc5d1c4945c1b8bddf1ec3832,1779295806
packages/terminal/src/routes/automate/SettingsSection.tsx,306,5f63a6a77dc9e7d5d0e57d1ba154e5b4468e6558b21e65ba81ed41d554fad606,1779295806
packages/terminal/src/routes/automate/StrategiesSection.tsx,477,797cbdc2590de960980c2918bdf2fefe3471199c3359387baa300a7d8853b126,1779295806
packages/terminal/src/routes/automate/WebhooksSection.tsx,443,58bbeed62578df3f7981f627df9d3f272a64d81e1dbe44e3c84ff728db320ee0,1779295806
packages/terminal/src/routes/automate/__tests__/CronSection.test.tsx,86,4853af76c72dc013107db6eebaf0edeb51630d460d4a7f472a82d94d6f28f082,1779295806
packages/terminal/src/routes/automate/__tests__/FlowsSection.test.tsx,97,2643585998ccd77474c91f82c376b40d4d1bef753df813aff56c8546f572e7b2,1779295806
packages/terminal/src/routes/automate/__tests__/LogsSection.test.tsx,86,b1b266a8cf7a4a1290975c8e0b7264fcda430df38030214eb1186ccf7e08279c,1779295806
packages/terminal/src/routes/automate/__tests__/MonitorsSection.test.tsx,89,bc30fb90f1c9319f1cbc1986f0f11f6837a7cc1738a5762adefff2a54ee8a292,1779295806
packages/terminal/src/routes/automate/__tests__/SettingsSection.test.tsx,102,03de8b773f7475043c9f0fa3f67207383cec8db6ea4a14d4854ae17e94a8b73e,1779295806
packages/terminal/src/routes/automate/__tests__/StrategiesSection.test.tsx,103,b6c2479a10337c05f4a1454f11b2e71db8cc613af845d5344e8c75c2da438a6c,1779295806
packages/terminal/src/routes/automate/__tests__/WebhooksSection.test.tsx,64,2dc9eba7466ee90cfc9cebf3b5824e7a5a3b38775430c39908b510d3609db503,1779295806
packages/terminal/src/routes/automate/shared.tsx,126,69d9225e38e2341795a1083727dd5ed9f3deb7a663d18c657ef8df463498ed1d,1779295806
packages/terminal/src/routes/home/AIPulseCard.tsx,46,17552052a378ff40b6a7e3ff889755302f310a2184dfe077b4700307f77ba0cd,1779437625
packages/terminal/src/routes/home/BreadthCard.tsx,70,f485b453d706a011bcace07fb6f51fe95ca71b3a79c8251a3aa22688edc2950e,1779437201
packages/terminal/src/routes/home/GlobalCard.tsx,66,83ef010705e760c5d39184092129580fb102db922e6ce63f7bf51448661f9ce8,1779437201
packages/terminal/src/routes/home/MiniChartCard.tsx,137,96d24c46874bada3d97a003adf7b369e6327c2f532eb29375fe0f63ca9e0a92d,1779437201
packages/terminal/src/routes/home/NewsCard.tsx,89,38478ce1a852e6646dd7ab619b1f870627c4b8aabd44534b2e62703e1275d717,1779437201
packages/terminal/src/routes/home/OrdersCard.tsx,86,f26d66e2f73dafc94645a9674521038e608964383dd148d99b244fff07601c2e,1779437201
packages/terminal/src/routes/home/PortfolioCard.tsx,88,0ea411fe16da761baff27449af8e944bfb5e9145c92576e1edc44e3ee28d89a5,1779437156
packages/terminal/src/routes/home/PositionsCard.tsx,88,ed656cdf35aa7423b5078143dcfcd03f0991aa4d9854274e5b7c5f52d1313fa9,1779437201
packages/terminal/src/routes/home/SIPCard.tsx,55,f9aa13a703583c43230f96e39358eee59ee9e3ef5bc1c868405e2a6de855c627,1779437156
packages/terminal/src/routes/home/SectorCard.tsx,65,6853ade61c44389120cad8299eaff318e1b460763f0d6a0a401e2e0873a9ad38,1779437201
packages/terminal/src/routes/home/WatchlistCard.tsx,72,d7898573303a8c13d98804f4b5f9541b26b43e36a5348d2ea292ee2011d668b3,1779437201
packages/terminal/src/routes/home/WelcomeCard.tsx,79,ed9a31b71c95adf4c47b2af566071c2ed82aa1230b1f846b9eb8b8b2ab4d1ad1,1779437625
packages/terminal/src/routes/home/__tests__/homeCardsThemeTokens.test.ts,37,54efee085b7082c94483ba6739444ddc743bbfd88e678cd6a42c2e26d7e215ef,1779438045
packages/terminal/src/routes/invest/DisabledActionButton.tsx,57,b07e1cb93fdc23c87dc4a91e2fd85ca01de0176821d72d27950b96f6e5ee99b1,1779295806
packages/terminal/src/routes/invest/InvestContext.tsx,124,cc4eb8f1bb3f7e9c60665d3dda5cfb5baf150f4168993e9b24aac73e1893ab15,1779295806
packages/terminal/src/routes/invest/formatters.ts,9,f12bc6acdb5ad4a4e2660e68bc2005b48efc302d9940f6cf8b056b4edad40c6b,1779295806
packages/terminal/src/routes/invest/tabs/BasketTab.tsx,636,4d862a5ade6d26950c4d8fefd265c753755cd6166f4e7b37419b59d42e542ce5,1779295806
packages/terminal/src/routes/invest/tabs/BenchmarkTab.tsx,366,c30cc504acec13b6cfad1ade061ab9af2b31cdd9811413d26ccca8d5eccb42c0,1779295806
packages/terminal/src/routes/invest/tabs/CorrelationTab.tsx,391,6d24d83f6c4b41b0674ed510b041a9a28203ca668d4fbcb6bdfb0596d0053684,1779295806
packages/terminal/src/routes/invest/tabs/DashboardTab.tsx,463,54383454e99ac4674caa2fe60d5ef6cb0bc13f09a77994b27a809db3e50bd70c,1779295806
packages/terminal/src/routes/invest/tabs/EtfScreenerTab.tsx,750,86369c9a4eab4b15e41ee85695de29e86e47cdc76ac1399214e0fd29ac00f2c3,1779295806
packages/terminal/src/routes/invest/tabs/EtfTab.tsx,410,6c417d8eb8ab4d3f6c92205faf4bc29fcbf9e97360a32dd48825a1054e87ab28,1779295806
packages/terminal/src/routes/invest/tabs/GoalTab.tsx,743,816eb1f9e1c41b8f71f5319f8032a01cd2c5d8bbaaf8f93af918bc22600e332b,1779295806
packages/terminal/src/routes/invest/tabs/HoldingsTab.tsx,289,635ccb8b07b05c35fda208202ce3ff67f58086b099eb7850f1cb5fcf223c57e0,1779295806
packages/terminal/src/routes/invest/tabs/IpoTab.tsx,447,e16660cd65e47d0a5fa55fa74535fef44e375d15d1f1c7365e3742d661fa02b9,1779295806
packages/terminal/src/routes/invest/tabs/MfOptimizerTab.tsx,509,71b39b1b8a26c947b385e6e8cb2e8c96cf95bc0b7acbbcf75fd36bf9c97db902,1779295806
packages/terminal/src/routes/invest/tabs/MutualFundTab.tsx,402,98ef09ae6cbef2c669b620c2c84bff0dcc5a2137c72401a1a289e10a8089fa47,1779295806
packages/terminal/src/routes/invest/tabs/NetWorthTab.tsx,289,cf759ed6dbe2653582b117ac3e60811b95e387f1ccb1e5fede5bba298cd82719,1779295806
packages/terminal/src/routes/invest/tabs/OverlapTab.tsx,422,98550d8dd9d395bb31bfdbe95b304ab74d86e1f65ecaae0c731e8b11ffc108d5,1779295806
packages/terminal/src/routes/invest/tabs/RiskReturnTab.tsx,403,1f669d0631861f18854503f7f88d02a50f3eada92e1c922e214cc80ca5c8eced,1779295806
packages/terminal/src/routes/invest/tabs/SectorRotationTab.tsx,390,518a03e5f19ff48f8bfd5783716e6daacd34fb02929925dc3d14d9abde1c6716,1779295806
packages/terminal/src/routes/invest/tabs/SectorTab.tsx,347,d506d579bd317e38b656a67ea6ccfb63ff52a59b69837196227230f0ec7b4a76,1779295806
packages/terminal/src/routes/invest/tabs/ShareholdingTab.tsx,504,7b969ad3b85bed9ac2a23d4a6531cb5ba9afbefeeb6bf066d2270cff297fb2cb,1779295806
packages/terminal/src/routes/invest/tabs/SipTab.tsx,487,e1ed265bae2144d57f4bd0cc2fc79728e5c130d2d7144ccb68f9d26b0d9315d8,1779295806
packages/terminal/src/routes/invest/tabs/SocialTab.tsx,621,3ff33584964be8e390f13c6f40d335c8ba658e5ea78f85b308e5e402558d2305,1779295806
packages/terminal/src/routes/invest/tabs/StocksTab.tsx,552,50fe9aed204e7d94a01bef5478d2db352961d0e3f5273df9c094081701cda7c9,1779295806
packages/terminal/src/routes/invest/tabs/TaxTab.tsx,538,a07fe9e76cc16a9d7500f92a3fe98a02b57cdce452c8cb09b87fba742066a0a0,1779295806
packages/terminal/src/routes/invest/tabs/__tests__/BasketTab.test.tsx,190,18fd30b6e3369bbbc5569277815c2831e736863359ed78649b0e04bea1f4401b,1779295806
packages/terminal/src/routes/invest/tabs/__tests__/BenchmarkTab.test.tsx,131,f4a6b7d03672f98698c88069d6313a62464209302b8eb9922898a73986a5e088,1779295806
packages/terminal/src/routes/invest/tabs/__tests__/CorrelationTab.test.tsx,106,912a0ac1e70ad9df1f58d7df9a2877f40b09081ad6c3028847a74fdfb03589eb,1779295806
packages/terminal/src/routes/invest/tabs/__tests__/DashboardTab.test.tsx,121,61aab989c8db1008adbb22e3fe751b8f6147df528608d1e4ce0c49ab93d9d38e,1779295806
packages/terminal/src/routes/invest/tabs/__tests__/EtfScreenerTab.test.tsx,127,0a555f3a1f60b654fadd44defef5fcb7346ca68f8d72cd880d0b6cd2d22c4232,1779295806
packages/terminal/src/routes/invest/tabs/__tests__/GoalTab.test.tsx,137,28e4e8c3fc791943f84c965d6d38739bcbf316da99d03aac86317b5d40c86da7,1779295806
packages/terminal/src/routes/invest/tabs/__tests__/HoldingsTab.test.tsx,94,96bced5a144accb35713064b6b8d6687b7f756199753e5fc3013deab491ff595,1779295806
packages/terminal/src/routes/invest/tabs/__tests__/NetWorthTab.test.tsx,107,b92742275fb68b165fc22c429cbb8f95cf22df1d2b59e67c0dd9356f1aff3701,1779295806
packages/terminal/src/routes/invest/tabs/__tests__/OverlapTab.test.tsx,195,a4a01307f398864033b6350e69ab35810b0c5bd06d03eca7184658d2f32f0da8,1779295806
packages/terminal/src/routes/invest/tabs/__tests__/RiskReturnTab.test.tsx,98,56331f3a4bd7f745876d7fe3fe38e6b28cb73b91248fc293a7bc9c3e6f8379d3,1779295806
packages/terminal/src/routes/invest/tabs/__tests__/SectorRotationTab.test.tsx,98,0b7fc502619ea6a018f280e9e990c78e24c8572729bd3b8887f5b929a8714573,1779295806
packages/terminal/src/routes/invest/tabs/__tests__/ShareholdingTab.test.tsx,122,b83b9f850790685eca997d81b7f5d1953c0329391cd64fbf1af4a2bfcff10cc6,1779295806
packages/terminal/src/routes/invest/tabs/__tests__/SipTab.test.tsx,122,287ec3c81e2ced3283d5aa51c36f47791332899736f99242910376cc9ae11e29,1779295806
packages/terminal/src/routes/invest/tabs/__tests__/TaxTab.test.tsx,176,821f5c65f007121f26faa165953490ed6b2e428167d712cfb47416a9231a8f3e,1779295806
packages/terminal/src/routes/invest/tabs/__tests__/goalCalculations.test.ts,103,8de4fc75b5197b8f0121a6086482afc1cf519d6c98a6c9a99d6be1f81c26ede0,1779295806
packages/terminal/src/routes/invest/tabs/__tests__/mfOptimizer.test.ts,207,cebcd95bf3e36bd589bdca24d3a7f506de49a3b4bcaeb17ff9233ef04664b51d,1779295806
packages/terminal/src/routes/invest/tabs/index.ts,25,e98df0dc79eda8003e2fba5dfb7cd16084ebf357f23a2f119728ee83f5cb5749,1779295806
packages/terminal/src/routes/lab/PineEditor.tsx,372,72fb9d3e454b4c0d4b181042a71e01e2924d457819c09e05cb855ad90a6c4fc6,1779295806
packages/terminal/src/routes/settings/TickerSettings.tsx,419,448e9d916364b7fbbbecf83adc07667a0e3f29d80d5239b9ac68a8fbe2837233,1779295806
packages/terminal/src/routes/settings/__tests__/TickerSettings.test.tsx,238,c855b5eecad735bef146792f5da1c4a662684554408b3defe4ee22a09e7d04a1,1779295806
packages/terminal/src/routes/setup/AuthFlowAPIKey.tsx,103,7128a1b700856db294da0b69152d17a4021ec99c3018a179df0c10c3c8218c9c,1779295806
packages/terminal/src/routes/setup/AuthFlowTOTP.tsx,129,3e8296a387534ba3d94d420ba02e2e4c5dd3716a7916ec4d022afc8d088ec596,1779295806
packages/terminal/src/routes/setup/BrokerPicker.tsx,51,99e7873d45a90caaa73053d286d76d30914b4aa3629135d94aa7a9a167e0a521,1779295806
packages/terminal/src/routes/setup/ConnectedAccounts.tsx,162,f9164521798e19c1841a9cf9bbac8b9ca70d5efd9a4f2af8a5712fee2b1ceef4,1779295806
packages/terminal/src/routes/setup/ConnectionStep.tsx,457,e5a14ad0840df14e76d4158f0b58e055bb47d631913e7213bc8f759df196c868,1779295806
packages/terminal/src/routes/setup/LlmStep.tsx,130,565b2f6953322113476b1e7b8761aac88841d1bc625c5305aa86831b3f57d746,1779295806
packages/terminal/src/routes/setup/ModeSelection.tsx,111,630cd2a231a626d10f997514274f9801e19cda6341f5fd3d04434631bfe7bfbb,1779454899
packages/terminal/src/routes/setup/PersonaStep.tsx,210,2b519af0f5d741448f2f9bfeac413b6ac70206b87aae035d800587d34c5aa544,1779295806
packages/terminal/src/routes/setup/ReviewStep.tsx,133,00a4639e8614e6932102e5530dd921c409928c4196a7cd6579527a59c30998d4,1779295806
packages/terminal/src/routes/setup/RiskStep.tsx,134,b0d57c49d6fb664d3550589e941f4c108b6830681213770aba2b9f2ccc44aa34,1779295806
packages/terminal/src/routes/setup/StepIndicator.tsx,58,cb8bc5d878415ba55ba590d81ef9e16db1d5464018473a3e94da2272448fb2b6,1779295806
packages/terminal/src/routes/setup/TradingStep.tsx,145,afb69b5c9fc1fba595f9c492728756f7cd02a657b94e59e701fff2a021724fc9,1779295806
packages/terminal/src/routes/setup/__tests__/SetupRoute.test.tsx,136,972fd0316ada96190b959a8a74d37b975104cd2d3ca48b3f42b0d086b6a2a2ff,1779453205
packages/terminal/src/routes/trade/TradeBottomPanel.tsx,90,52cf4776bcfdbcf8eec36e3bccd5b92919d3831f4872f3bc088504c7c028b428,1779295806
packages/terminal/src/services/__tests__/api.test.ts,277,b872f1f45aaae855087477b27c48ba5b44e201de16abb235a8ba78f33c9c5bc0,1779295806
packages/terminal/src/services/__tests__/errorReporter.test.ts,67,aac53781b244ca6627d70ed96da4f454bfc4e8aea68c04efde98db73b9d3c1f1,1779295806
packages/terminal/src/services/__tests__/ftApi.helpers.test.ts,243,c03a63a25d46b07b2caf549df1c1518582809a4474c8ef684d230d14d6a86450,1779295806
packages/terminal/src/services/__tests__/ftApi.test.ts,303,41e2ea153372dd8c3e4c485d66e49c8e4e964d54d9ec3e93649d2e28dbecf226,1779295806
packages/terminal/src/services/__tests__/gatewayApi.test.ts,100,5f6bd89c58b7914169699d636356e7845e8afa49c34177a6bd7bbe87cc43f89a,1779295806
packages/terminal/src/services/__tests__/mockDataEngine.test.ts,244,8c851b0b21afb6f5597ce2064e39c76a3760faf4c807748b97973e07c58e2028,1779295806
packages/terminal/src/services/__tests__/rateLimiter.test.ts,30,091b251e95188d1f01b86b7a9a7ea0ce0565e65c57ead6b70466af98ffe5497d,1779295806
packages/terminal/src/services/__tests__/websocket-lifecycle.test.ts,780,2033c5e68734c182fb4799f661306e9c799391a2694cfc55483f2f740aa53ca3,1779295806
packages/terminal/src/services/__tests__/websocket.test.ts,42,6b7a0a7291d1911db602fd92206977909bd34be77ae35134efd33e1128953550,1779295806
packages/terminal/src/services/advisorApi.ts,102,aadb11ee11736c747e256a174a3ea36728dd8169a8e39cebb1196f6800a7d4d4,1779369697
packages/terminal/src/services/api.ts,706,beffe925b637f4aadfc712fc2e06c566a1590696cd26f1ea45558e424b5a463c,1779369174
packages/terminal/src/services/errorReporter.ts,29,1a4a10386abc32abef9592446b15f40306b6703e32bf065a0c4a7e97be721716,1779295806
packages/terminal/src/services/ftApi.admin.ts,223,306ab74cec91eb869e6fec4e11117b7b23724e3fd42dc0f4662d49a8fe419128,1779443358
packages/terminal/src/services/ftApi.ai.ts,257,649364e67370cc54db5b0d086a2ebcf90bf88059115db8a27ef7d1d7e742ff50,1779295806
packages/terminal/src/services/ftApi.analysis.ts,245,c7e9d35aa8468295ace381811101dfa6fb2ccf0c2049c296cc58d273afa4f9ef,1779295806
packages/terminal/src/services/ftApi.automation.ts,92,e0eb4f529b45dffadb31b63deda875c564674ae98f87f211bd074a100f35a61a,1779443190
packages/terminal/src/services/ftApi.backtest.ts,313,cfd0c7abfd6d1f7184b29adb43dedf37d78bdc0f1dad0b2340528e28fb8e93af,1779442654
packages/terminal/src/services/ftApi.data.ts,246,90fa85c6bf3f57cec6230924d61ca430831c9379a850c38e8a4c768941f11046,1779295806
packages/terminal/src/services/ftApi.ditto.ts,91,5600fbc9c36559322b53ea63e15275103152147cb8aa2af06f50aa06d0f12267,1779442667
packages/terminal/src/services/ftApi.helpers.ts,102,8da536fe191bb482f1b0892d659860661f0a013f740d53c2fe9d5e24aef11172,1779442642
packages/terminal/src/services/ftApi.invest.ts,60,c4a0c511a4933a4dcd6d99599d045e47ea110b82aa33c08d249f126261ebbdb6,1779295806
packages/terminal/src/services/ftApi.screener.ts,297,c0f3f668f906fe64a7db612a20cb5577dc9fb5880f4448704aa9f67095e94f25,1779443183
packages/terminal/src/services/ftApi.trading.ts,173,ec3e81ae1bfda595772d987de4ca62b789b4304b492cdff31b99b259bdcd73aa,1779442660
packages/terminal/src/services/ftApi.ts,18,24c2fb1a2c5b974fb9f26885f32a3c9f0729ca858414d7a241917259d1215df1,1779295806
packages/terminal/src/services/ftApi.workspace.ts,57,99ce9842eb1346e75ed9f873ec4ac860e9b54b9ee729575c145e5dc23e9390e5,1779295806
packages/terminal/src/services/gatewayApi.ts,90,331409c367416b3890f7feec0949f1316e9029b6d2c85f0127fccaa239bdd16b,1779295806
packages/terminal/src/services/mockDataEngine.ts,331,1e06cf9f0221a57260f911758c0152974cfd6d15bc94bcddce5186c61fdc7c66,1779295806
packages/terminal/src/services/queryKeys.ts,107,7370e6830479926d015faa9d30eb0b82d246ccbe596ac0ea97620bac8d3c1292,1779295806
packages/terminal/src/services/rateLimiter.ts,38,84b4138ad1a31d62b112880db8a749e48cccf79483646cc720a144a0435b8580,1779295806
packages/terminal/src/services/websocket.ts,606,3983c28ebe5727f42d6ffbddc5504375c4a1460b6dedf87adcacfecb65ddf00d,1779295806
packages/terminal/src/stores/__tests__/aiConversationStore.test.ts,395,e1936a88df7dc0cee1d718a8dd8eae745631f5f43010b6651975d9f0d5198431,1779295806
packages/terminal/src/stores/__tests__/authStore.test.ts,273,d06f46c2b5f4ead05e6370c1210539de2409bb8cc136669173acfcd7ea2665c2,1779295806
packages/terminal/src/stores/__tests__/brokerStore.test.ts,105,799f442168497deb509190b574545500ec10646966d0c6414a6d486152bb878f,1779295806
packages/terminal/src/stores/__tests__/connectionStore.test.ts,34,5daeb839ac3a1d73e33715c290e8bea3e0ce730110fa353d9dfdee36d10eaa38,1779295806
packages/terminal/src/stores/__tests__/layoutStore.test.ts,35,8ea9b78a3868d367c5296d3940238bb652c4128c65e1400e02af3c63f5749085,1779295806
packages/terminal/src/stores/__tests__/modeStore.test.ts,106,d963ddf5e43f694874e75aff71d3a4b900efae9e7167b719bd08098856a11c9d,1779295806
packages/terminal/src/stores/__tests__/settingsStore.test.ts,355,81ec4570e716c968fa47c54c4fa2b7c8c3224d2151df5ca333036baefae01df3,1779295806
packages/terminal/src/stores/__tests__/sidebarStore.test.ts,10,75ebb65561b0d180feb6f338868bbfb9efae9587c68d98d6811587ea247e018d,1779380585
packages/terminal/src/stores/__tests__/skillStore.test.ts,116,a23da987537c9c57967db2d7717645ee3421fbb45bd11459adb89a8d5651e8dd,1779444779
packages/terminal/src/stores/__tests__/themeStore.test.ts,498,aee656a85ae6c3b60344b3dbc0eee2b49ba7fb7c1fb0e35e07e3ac1cb1fb7a78,1779437611
packages/terminal/src/stores/__tests__/themeStore.v3migration.test.ts,276,f82bc65c56cb4d563a2c7e88af2f56aef5a6bcccaa2d1283cdaae24da3c3781d,1779295806
packages/terminal/src/stores/__tests__/tradingStore.test.ts,36,362ea83093fdbd7b6b5c9e15cbad3897268b615fbd448f1628851ade06c1f80a,1779295806
packages/terminal/src/stores/aiConversationStore.ts,162,025de5290d8b04c2cf6739b89836b5d201a6420c00f951904deb932d37047135,1779295806
packages/terminal/src/stores/authStore.ts,116,13caa28479c565512a84207fc485a04cec9d1aa5086eae3d2558a03cea15634f,1779295806
packages/terminal/src/stores/bentoStore.ts,163,d0880458b2a10ab783b36c24b852c53361e34baa0b4114ba012fe176a17e8e29,1779295806
packages/terminal/src/stores/brokerStore.ts,75,48677c02e94571fb0ede03b4213a63efbcffd3f43e7f014c620f0ab19d3074e2,1779295806
packages/terminal/src/stores/connectionStore.ts,112,bab361e2e0695b8714a072ebef7e3282de0097bdcc2de40fb151656d7b762ad1,1779295806
packages/terminal/src/stores/flowStore.ts,331,11aeb00fba668282bb699c68f7ecf13477f2c85e74718e10a25991f9d82108a1,1779295806
packages/terminal/src/stores/index.ts,15,409474dfa3fa150a507c86a9d2395c86803d7ad02d322072d9c52e91dc02133a,1779295806
packages/terminal/src/stores/layoutStore.ts,102,6c6b61b6b707e1e64239803f493724b4d1e898d3897a535954f658b1786d1a8a,1779295806
packages/terminal/src/stores/modeStore.ts,95,74cc2d9d69b561f567d32c311bbce07ba71e18f44f52066487f720dd070a588e,1779295806
packages/terminal/src/stores/settingsStore.ts,309,d23af896ca101e95120533c7f1006f4300024674a9585e56825bfa3f7242bc86,1779368407
packages/terminal/src/stores/sidebarStore.ts,132,77ee0e89cbe992b983632ede8675ae3ae764a14dd1c9efa1a3a1979d8a790ade,1779380766
packages/terminal/src/stores/skillStore.ts,199,d6dc450def2cee39dcc30e557ff408e57d6652b7551cbaa3f820d23031dd0291,1779444764
packages/terminal/src/stores/themeStore.ts,593,b007018e50dc0002a89d18ff477ac204f18cad195a32567bf0dd5dbfc8cb9520,1779437611
packages/terminal/src/stores/tradingStore.ts,45,e39c450f661065c46c7500264b0753174c573db5cd4f13feea878686281d9e5d,1779295806
packages/terminal/src/test/setup-widgets.ts,652,e3362debbf94206d53724323983e53598bffb56f53639a52f67b0bd7e621d2bc,1779295806
packages/terminal/src/test-setup.ts,129,be0be9d156f4f0b31e14d6c50761c43fedf6899bb01f160077ecd31819c3e1ef,1779368410
packages/terminal/src/test-utils/dockviewPanelProps.ts,46,0c1548ae0d9c60848e2eacc22106cf43a4893c62762db965cb9ce762a2da38a9,1779295806
packages/terminal/src/tools/BacktestLab/BacktestLabTool.tsx,928,259b74d97070a7661dd7c8b3b33939802d39b3b5714336a445bbdd4d3b38e67b,1779368407
packages/terminal/src/tools/FlowBuilder/FlowBuilderTool.tsx,190,99e4873e726f681400931f814dbbf89edacb211aae54b772051670b2e432f045,1779295806
packages/terminal/src/tools/FlowBuilder/__tests__/FlowBuilderTool.test.tsx,112,89b8488879ea1a2d389cc429413d6cff5bee1ec81402a428a3c2205e2cec9586,1779295806
packages/terminal/src/tools/FlowBuilder/flow/BaseNode.tsx,218,c37bcd472da1705bc99ee4d9fb7edf9e54db49fa52d83e1535ee223cd2dc61b6,1779295806
packages/terminal/src/tools/FlowBuilder/flow/ConfigPanel.tsx,545,d8cec7ee6e58426b3c1a27d3a2df085a386ed9ceac8420f918f30fadb4aa1de6,1779368407
packages/terminal/src/tools/FlowBuilder/flow/ExecutionLog.tsx,170,622438d85ae694426e0bc43555d0c1a1b2a78d8788bd3e3068cae7a52ad18381,1779295806
packages/terminal/src/tools/FlowBuilder/flow/ExpressionInput.tsx,449,21367b95dd6616267b13d1a355e1652ab688ece46b5e7d8bcf7286811c7fbd01,1779295806
packages/terminal/src/tools/FlowBuilder/flow/FlowCanvas.tsx,363,776c74d0838c0b3f8b4edd5a2d3dc31b5d0b491c06797dc39aa2bed94100686c,1779295806
packages/terminal/src/tools/FlowBuilder/flow/FlowTemplates.ts,163,33b5b247bd0f804efd9cf4d8118c1feb60259ddd187007fa32cd172e30b04c81,1779295806
packages/terminal/src/tools/FlowBuilder/flow/FlowsTab.tsx,149,0184ae66e9e7c9af3cd1298388d628131ff6c3c62a52db898fc1fecf5a2a1b0f,1779295806
packages/terminal/src/tools/FlowBuilder/flow/HowItWorksTab.tsx,106,058e1fd8fc293c3bc56822bfad2b47a5519a31c133ba8de2421b960d3c862f9b,1779295806
packages/terminal/src/tools/FlowBuilder/flow/NodePalette.tsx,200,e405a173da665b6b33e0f7050ae23a885c8be81f6ccc4f4c9bb78c5dcdb913cb,1779295806
packages/terminal/src/tools/FlowBuilder/flow/TemplatesTab.tsx,102,0db364e25c6fde06d10727e033ba86f10546cd481d18400f158f89cb50317bb6,1779295806
packages/terminal/src/tools/FlowBuilder/flow/__tests__/expressionEvaluator.test.ts,291,4a493fa784d79b5c3fece5cd1b5a8af6e25b6d6a2d1c3d4b1854251c5a89c2d5,1779295806
packages/terminal/src/tools/FlowBuilder/flow/expressionEvaluator.ts,214,2b78df34f1694379c4f378efab82d9ff988ea3bd38cc79fc2c2fb5e10453bf51,1779295806
packages/terminal/src/tools/FlowBuilder/flow/nodeRegistry.ts,650,f1042497e614e491a6d2c78682654ca8adbd6b36cb6ec81e6d689a8b537995ef,1779295806
packages/terminal/src/tools/FlowBuilder/flow/nodes/PriceAlertNode.tsx,229,47df324b628aad9cd42c4dc7bf676bda076cfea70cd494d210fd5a07d1cae404,1779295806
packages/terminal/src/tools/FlowBuilder/flow/nodes/__tests__/PriceAlertNode.test.tsx,161,67876209faa7067b2c4a146848791b845b0bd80cf34ecf1c42f0cc321749198f,1779295806
packages/terminal/src/tools/MarketIntelligence/MarketIntelligenceTool.tsx,132,6e0275793e2430730e619bcf953ac4d9b967771669cef969dc195c44a225fa2b,1779295806
packages/terminal/src/tools/MarketIntelligence/__tests__/MarketIntelligenceTool.test.tsx,59,61797232df6fcc6652df1a01bc1093f44841982eae1146ccbcd9011a4df663bc,1779295806
packages/terminal/src/tools/MarketIntelligence/data.ts,161,eb13d4fda76ac2f09eb6789efc1a1f513494bfd964f1b533084caa7729bce07c,1779295806
packages/terminal/src/tools/MarketIntelligence/shared.tsx,200,097a4826622af4750304771c4087690f572bdb909d3fbf78ee530755683269ac,1779295806
packages/terminal/src/tools/MarketIntelligence/tabs/AnnouncementsTab.tsx,78,419646cc9240ac9a9815668f91e435af49784ab5486cabe8a0db0512cb573ec4,1779295806
packages/terminal/src/tools/MarketIntelligence/tabs/CorrelationMatrixTab.tsx,100,9d83d2cbe1a0c6a1d84875259fa2d0eb8444a0f247ba73f1e52a8f4351f79df3,1779295806
packages/terminal/src/tools/MarketIntelligence/tabs/DeliveryDataTab.tsx,115,fa99879076332efc47682a446ad438b9ef9aaa7932488b82c412c82ce55bb7aa,1779295806
packages/terminal/src/tools/MarketIntelligence/tabs/FiiDiiFlowsTab.tsx,71,7b8e107d03f72c1d5d0e926b48991fcb4f0d67dae3a39b12a17ca1fdd1cf91dd,1779295806
packages/terminal/src/tools/MarketIntelligence/tabs/GexTab.tsx,125,ba1751cdd7948b99d8f63fe0bec7bf71a0c3528cfef9b5ca8a80c7132338e7b9,1779295806
packages/terminal/src/tools/MarketIntelligence/tabs/GlobalIndicesTab.tsx,101,049d4e3412a31aa0056aa2e3bc881ea5e80cef45cf9f570814d3675e8a520a5a,1779295806
packages/terminal/src/tools/MarketIntelligence/tabs/IVSmileTab.tsx,161,a09e4e737ffd571ebfb107607d858f9c24a0c7ea2bdae7371b500c4ac7875c05,1779295806
packages/terminal/src/tools/MarketIntelligence/tabs/IndiaVixTab.tsx,109,d338a46aea7f073f125907a5ae0aceb95d4020dde2e54cefd8d181f3f05d2f84,1779295806
packages/terminal/src/tools/MarketIntelligence/tabs/MarketBreadthTab.tsx,112,9894df491c57bca00c01eb2b91b5e7281555ad6eecbed2e6d1fa5bd73bc9e31c,1779295806
packages/terminal/src/tools/MarketIntelligence/tabs/MaxPainTab.tsx,179,c6359351580c14e608008795cd6357e4468472072cbb27c345363745d5f42269,1779295806
packages/terminal/src/tools/MarketIntelligence/tabs/OIProfileTab.tsx,174,ae9cbfde6782c51e94ed10dc100ecd541f4e147e174b2395c837e0c7367ad3c4,1779295806
packages/terminal/src/tools/MarketIntelligence/tabs/ParticipantOITab.tsx,144,54281db3c86da3bb0240cc03322ba5f48461823315632458f1dec02559600865,1779295806
packages/terminal/src/tools/MarketIntelligence/tabs/SectorHeatmapTab.tsx,101,cc3baaf5d0d7732671b6d3f30a2a58161b642d41a580c3a845e0f56c66c07379,1779295806
packages/terminal/src/tools/MarketIntelligence/tabs/SectorRotationTab.tsx,95,9e1d1c97743a9e64b3188927dbf72a6ce0fda462d0cb9d4736d3aa5317509849,1779295806
packages/terminal/src/tools/MarketIntelligence/types.ts,126,efd144cfc14885f7e3fc157471b69b27c806abbfaa4b4b8f86ec51f41c87fbf1,1779295806
packages/terminal/src/tools/MarketIntelligence/utils.ts,32,a3edeed2dd3575aef1104c961f35ea9a7cd8df7aa5a248bff35185f2c2a1219f,1779295806
packages/terminal/src/tools/PnLDashboard/PnLDashboardTool.tsx,533,6a6c85d5c55db413bb6b708605eaa5ce6d9f652400021f3ac41c5f880133dab3,1779295806
packages/terminal/src/tools/PnLDashboard/__tests__/PnLDashboardTool.test.tsx,119,20cd147a013d714c16827d48fb6ddddef916b535fbf5829a6fce6e315facab0f,1779295806
packages/terminal/src/tools/Settings/AboutSection.tsx,89,89e7122fc08850695e1a9de183059fb814662198e90860a060dfd6bb4763a191,1779295806
packages/terminal/src/tools/Settings/AppearanceSection.tsx,158,94ff5015cc18c0dedebeb6d2c1493bb4a82db0010acae1a545aea301f1623a73,1779295806
packages/terminal/src/tools/Settings/ConnectionSection.tsx,102,a3af8d40379cbc00bedfd115da1e5cc881ea326b85f90341c56b40aa768fad01,1779368410
packages/terminal/src/tools/Settings/DataSection.tsx,54,90b167327c045db150171b84c2b2408ae2214a5c470f02f21a610970cb6743e6,1779295806
packages/terminal/src/tools/Settings/GeneralSection.tsx,40,c38d28e0dd63e66549b7818a7217068d99ab3ba3d7f4c7781eec005d5e2c3c68,1779295806
packages/terminal/src/tools/Settings/KeyboardSection.tsx,501,9f5a9294ac816e87fa6071ea01280cf95e09dd3dce1f659636501d67776ee685,1779295806
packages/terminal/src/tools/Settings/LLMSection.tsx,198,342f791c124a81b369c4dd5a08c4938b65c0ee615f176bd76de28a374a2808f8,1779368410
packages/terminal/src/tools/Settings/LeverageSection.tsx,112,74ce186145527a923bcb359206377816ededd408e3fa5f7f1ff56e044fa431a7,1779295806
packages/terminal/src/tools/Settings/MonitoringSection.tsx,348,70ff74480fd84682843935ec1ba7d9d42529aeb1859631a2a12deb86c5e4925d,1779295806
packages/terminal/src/tools/Settings/PracticeSection.tsx,40,79ffc04c68a5de5d9c06cadac8e826e33691b968c6de6f15041641092f2447da,1779295806
packages/terminal/src/tools/Settings/PresetSection.tsx,861,86e11168e87535cc758e0599d96def23b57b6d7fd3460fba1a839eb510d656c8,1779295806
packages/terminal/src/tools/Settings/RiskSection.tsx,155,0268ce44a824290f9136da61d0cb7d10094facf4586b55a90f9b8fca237017b0,1779295806
packages/terminal/src/tools/Settings/SecuritySection.tsx,363,3de3830ce295fcf014d617706b01f3bbf404df5e3e8fb4d8d0dd933673a140b8,1779295806
packages/terminal/src/tools/Settings/SkillSection.tsx,401,9fe6b1d2ce0a0192f9e644685adc5711fe532bc2cedefa5cea385c8bde04ae32,1779444767
packages/terminal/src/tools/Settings/TelegramSection.tsx,135,851a44e518ad7f3cc8a882cbfe8af8e1e3c8631e1c89e4b31179d6ff61d7be33,1779368410
packages/terminal/src/tools/Settings/TradingSection.tsx,92,c687985731cbe19520f8ed7ec21c755efe53c2fba0e05c4121c6b234d69ea37f,1779295806
packages/terminal/src/tools/Settings/WhatsAppSection.tsx,161,79aba14e45a66ed8bfbd4909d60fdb60e240d49ee0a5339f94fb4e24efff7da5,1779368407
packages/terminal/src/tools/Settings/__tests__/PresetSection.test.tsx,550,080f64efc71bcd7d8ee3a205a3364f93335490f501181d47b4bcea7e48876534,1779295806
packages/terminal/src/tools/Settings/__tests__/SettingsSections.test.tsx,221,c7691d7eb396f659bc60bd1638776e7f9785b015c7a060965285a0f6d3126e64,1779295806
packages/terminal/src/tools/Settings/settingsConfig.ts,83,d5d2cb9d8ee61e558cdbe82ddddff6576773d7467c6238670afeb5e4a474b6a8,1779368407
packages/terminal/src/tools/Settings/shared.tsx,259,0b0cc5b468d71f7a2d9957c5df05bd9433b9a81ddd0cc4470f8aabed91ab2c5b,1779295806
packages/terminal/src/tools/StrategyBuilder/EquityCurveSparkline.tsx,55,cd2187b8a039e88807f7cc857280227d8c258676356f9f5bd17a8493a7fec8e8,1779295806
packages/terminal/src/tools/StrategyBuilder/LegsTab.tsx,233,96aaf05fdb73dbb4984302984a995cc4fc102ceb7e46cbede5d0ff7b6d5fb664,1779295806
packages/terminal/src/tools/StrategyBuilder/MarginTab.tsx,124,dbd65318da676a17d79189242cd6770342bb948ad180805cdad55bf1373198c1,1779295806
packages/terminal/src/tools/StrategyBuilder/PayoffTab.tsx,200,35352240e9614f9b2c54642ff821f0dc3431cf709eac9f8f2ad9df8b03c483f0,1779295806
packages/terminal/src/tools/StrategyBuilder/PineTab.tsx,332,86e0db96b529dde61f8e977f0e2ef4fd3137131330c20ecd6f174178b1b8fdd2,1779295806
packages/terminal/src/tools/StrategyBuilder/StrategyBuilderTool.tsx,144,a002df9fdc09b52264f1c39c5769084d2185fe01ee438cf1cb69fa1a3ea6509f,1779295806
packages/terminal/src/tools/StrategyBuilder/__tests__/StrategyBuilderTool.test.tsx,62,40d6f426e7c8127a8b2b7ab55836cf1beb97243b7d4c42a114d8c3c3ac7fac6d,1779295806
packages/terminal/src/tools/StrategyBuilder/pineExecutor.ts,622,2554ece9d98e690f5e90de213354d4f26d0d038c9100a8adc908928f77313ec6,1779295806
packages/terminal/src/tools/StrategyBuilder/types.ts,193,4ce9721aa9cb04f26b22ca4344d2755d322b498cb75b16be1f33382d9bacfc98,1779368407
packages/terminal/src/tools/StrategyBuilder/usePineRunner.ts,166,ac60ed909e2e6ea215acf861cfda5d3ec0f0ec85deaa556ac6a72963bb5587d0,1779295806
packages/terminal/src/tools/StrategyBuilder/utils.ts,150,8be493af9138a202e8e612de2a11364afd9fa8197d6e3018b5c0d136fa3189e9,1779295806
packages/terminal/src/tools/TradeJournal/AnalyticsTab.tsx,170,bb60d97208749b7ee23c04a011df3760664bdd5abe1d42685d963cb2f726bf62,1779295806
packages/terminal/src/tools/TradeJournal/CoachTab.tsx,217,fa19956890ddd909ef24d4c803bf2c864e0f3132545bc45c04db23418de12261,1779295806
packages/terminal/src/tools/TradeJournal/DeepAnalyticsTab.tsx,332,4a0d5c7dee5259c50762285d12b0ba2860afe7924179788d57ce97497718bfc4,1779295806
packages/terminal/src/tools/TradeJournal/NotesTab.tsx,56,ab1c1b5e52fc2d5c11df022afc62fa692ceec239b7005227bce4e223ba15bef3,1779295806
packages/terminal/src/tools/TradeJournal/StatCard.tsx,62,7eb0010519a7b87a4ed85bce43ef88d0d5c5aee48c617d41fbeda8369a0387fb,1779295806
packages/terminal/src/tools/TradeJournal/SummaryCards.tsx,44,917d3f8bd703d1c87f33daae12fe8a6d595f19edc1dc1f66105ab11027c6eafb,1779295806
packages/terminal/src/tools/TradeJournal/TradeJournalTool.tsx,229,a878ee6c9f35d229bd37bfa31c1f7dc875b831a4dbd145261431fe9f682c9482,1779295806
packages/terminal/src/tools/TradeJournal/TradeLogTab.tsx,434,8aa81eb69404c6462a29f5e6e860af9e2f927e276caec0a7949b3a68ec56cbeb,1779295806
packages/terminal/src/tools/TradeJournal/__tests__/TradeJournalTool.test.tsx,97,830604356541700e4858fae463b85bbe7b13baabcc2ba09081097641c61cb7c2,1779295806
packages/terminal/src/tools/TradeJournal/__tests__/TradeLogTab.test.tsx,262,5c282975ac32f499fe2fe6164093f43b5c545d5bb33aec2dfbb4461a60be18c9,1779295806
packages/terminal/src/tools/TradeJournal/types.ts,9,5875b00e628532fa958d46fdfbcbf35ed9b6a3539d6ffeb9673cdae6a8b288d3,1779295806
packages/terminal/src/tools/TradeJournal/utils.ts,79,fb2a421d1f766ad5c6b7df28e6b7ff5d47e1f97ff1c54ff42a51856780fe6cd9,1779295806
packages/terminal/src/types/api.ts,487,6269694f0a73840007efd200e1dd43c91d20e2491dc1e6f47d9145a7e239bcee,1779295806
packages/terminal/src/types/broker.ts,45,5831e3d7f8c1ba13fe9cc202b99c0649343789de88371190447c215f6255d748,1779295806
packages/terminal/src/types/index.ts,3,2f40d3e20abc8bc355e4d5a55cc9f1cdddc77ab1338aaf72fa34936ff5ff8921,1779295806
packages/terminal/src/types/rawApi.ts,67,f7feaba2209ff3e49016c9cfb282e74dc9c9786d7001e199601ad604cb52c654,1779295806
packages/terminal/src/types/skill.ts,71,cf471ec99498b7626d9d228f82c3ccd56bb649f2bb8d086a2eb77f070ec6da52,1779295806
packages/terminal/src/types/stores.ts,1,59e76d7fa85e9ddc6ba9c2d50dbca4a92afffcfabb9f4fe3bc8509284f25ce48,1779295806
packages/terminal/src/types/widgets.ts,29,5caaf899309afd826ea10ca35cfd09b65ed8a4f9e63989141ec43e2f21f7bc59,1779295806
packages/terminal/src/widgets/analysis/Chart/ChartGrid.tsx,550,1ad5c2037e5111f4dd9a905278427b6140cdc1f352cee2021e5ceab7868fa374,1779295806
packages/terminal/src/widgets/analysis/Chart/ChartLegend.tsx,69,1722c25f56dc4778d98ccc93a1feab9359d9cf2801e34b3462a5fe1a919c692f,1779295806
packages/terminal/src/widgets/analysis/Chart/ChartWidget.tsx,806,7d9f0ddafaa8e3c36e5398ec7f80c40819ad2a0ab96d758a36655b628608ecab,1779295806
packages/terminal/src/widgets/analysis/Chart/DrawingToolbar.tsx,525,117278b730736baad653c2419805aa700b705f9cba9bf376eb22ccbf3673abb0,1779295806
packages/terminal/src/widgets/analysis/Chart/IndicatorSettingsModal.tsx,674,5dd4b353833665a7e29e01b4ae6e782a92ee18e082a1adbc58476e2b0ddc5861,1779295806
packages/terminal/src/widgets/analysis/Chart/ReplayBar.tsx,257,191f65b8d484a310917633ab5a6f1b19837bd4cacb4b32bfa22ac5f6e25d5b57,1779295806
packages/terminal/src/widgets/analysis/Chart/__tests__/ChartGrid.test.tsx,188,e6a41e69bc5d1a1c1575b4960c7c9bb635f9732910f09c44f0707cae30aa2f21,1779295806
packages/terminal/src/widgets/analysis/Chart/__tests__/ChartWidget.test.tsx,137,33c3cd8101304ac9f8885d7a69e5519a41b1543754fc2da5f81e352b490b6552,1779295806
packages/terminal/src/widgets/analysis/Chart/indicators.ts,786,36463313332a9c54fbbbd1f5802b6331de124cd6ec8d650210a069957bb87e10,1779295806
packages/terminal/src/widgets/analysis/Chart/types.ts,168,3ad2a1dbaf504dfd909fdf2abbdf5403be4c0b016ba48396c31f5950702b4fc1,1779295806
packages/terminal/src/widgets/analysis/Chart/useChartInit.ts,211,aff08af9d65612a99132967de9b39d439f41f9b682ffb342fa82098b888114cd,1779295806
packages/terminal/src/widgets/analysis/Chart/useChartReplay.ts,203,e0d05738bc04f429207793b724a2ec6414aa087e5c0967c8790db7a9b3fc89dd,1779295806
packages/terminal/src/widgets/analysis/Chart/useDrawingTools.ts,327,45f1300bcb23c667902d9084b3ffb329d4f2308c29fda2a78a215fea597cc2a0,1779295806
packages/terminal/src/widgets/analysis/Chart/useIndicators.ts,256,162e0df40b63a2fa00dc5451f8d76b1699c1ebafd80034a51face002671abc31,1779295806
packages/terminal/src/widgets/analysis/Chart/useOIOverlay.ts,189,e020b65f7523d4745d74d175ce0a71413b96a347c0605241654d76c058ec4465,1779295806
packages/terminal/src/widgets/analysis/CorrelationMatrix/CorrelationMatrixWidget.tsx,325,6793f50f3151c10a707a8052cbb364953b3f712e59a8c019762f8b8843b85205,1779295806
packages/terminal/src/widgets/analysis/CorrelationMatrix/__tests__/CorrelationMatrixWidget.test.tsx,89,e2b610e52fd96fa2853de127a6c962b16c094f31dc37240297889c21f18fe190,1779295806
packages/terminal/src/widgets/analysis/CorrelationPairs/CorrelationPairsWidget.tsx,302,313427cff1d6d51104043753d6dc8758f28a1a04e5dc16e5e398620311012189,1779295806
packages/terminal/src/widgets/analysis/CorrelationPairs/__tests__/CorrelationPairsWidget.test.tsx,98,607c2dddedc31b77e184be80e6596432c85404f7555be10af50460f14ec42831,1779295806
packages/terminal/src/widgets/analysis/DOMHeatmap/DOMHeatmapWidget.tsx,707,0253de1b6de7d7f9e1968e203593b72cf89a22b049120d1362892712a165c62f,1779295806
packages/terminal/src/widgets/analysis/DOMHeatmap/__tests__/DOMHeatmapWidget.test.tsx,145,e39b81c97028e69ee7fc745c3a97c11b81cc441b9a8cffdc48c3b2292bf1b12b,1779295806
packages/terminal/src/widgets/analysis/Depth/DepthWidget.tsx,463,200ef1e6b087c0171a176b3f0d6fc9638573860df581b56bb9661cb82e510efb,1779444070
packages/terminal/src/widgets/analysis/Depth/__tests__/DepthWidget.test.tsx,89,df76f7d428026c928b02ee29ec045fd7872931e96472274ea69f617b644075b4,1779444038
packages/terminal/src/widgets/analysis/DepthHeatmap/DepthHeatmapWidget.tsx,613,92009cb7598a8b8252570763c8dc9a09cbc6fbf9eef229b7ebd457bcecbb8218,1779295806
packages/terminal/src/widgets/analysis/DepthHeatmap/__tests__/DepthHeatmapWidget.test.tsx,105,4fc413edcbfd6caba394ea7c3452c9bc7c66acd839b3d9b6c4c83910989b95c9,1779295806
packages/terminal/src/widgets/analysis/DepthHeatmap/__tests__/depthHeatmapData.test.ts,119,4a7123bec80e9238cd306ab77a7dda66fd8a052fcb300aeacc1fed3fcc48df75,1779295806
packages/terminal/src/widgets/analysis/DepthHeatmap/depthHeatmapData.ts,243,bdb3e03229aca1bc41e5471d2aa77617b396c01a0d312d6e98b66083aa2a8003,1779295806
packages/terminal/src/widgets/analysis/Footprint/FootprintWidget.tsx,679,ebf0789ddb307ecb06ce35f9ab29e5a07f6d02622289bac98702bed2821169ab,1779295806
packages/terminal/src/widgets/analysis/Footprint/__tests__/FootprintWidget.test.tsx,215,986c43518a476f485b629801e58514f654a0caeaa0e94d5add6a70bffa5fae75,1779295806
packages/terminal/src/widgets/analysis/GEX/GEXWidget.tsx,400,580923ffba9c124b93eb93da41708e33fea0a34332a5502090409f07fff4a49d,1779295806
packages/terminal/src/widgets/analysis/GEX/__tests__/GEXWidget.test.tsx,134,cdfc5c5fba5617cb2c46e0e65102e949178bae56326669ab98f1924e70a1c6a3,1779295806
packages/terminal/src/widgets/analysis/GEX/sampleData.ts,75,49a33d1240b577f4acd948b58cc8c9ba619292a80ce791038ae2967821248f9c,1779295806
packages/terminal/src/widgets/analysis/GEX/useGEX.ts,23,ac1fe119a7c127971b24aca235557a8453dc1fb7966563c0c5248940266804f9,1779295806
packages/terminal/src/widgets/analysis/GapAnalysis/GapAnalysisWidget.tsx,390,c8da24cf7aef696365ece20442064c5b464d3c45b7b67c197dea22350e465f41,1779295806
packages/terminal/src/widgets/analysis/GapAnalysis/__tests__/GapAnalysisWidget.test.tsx,169,7898c5c6b1fdb957283283cc51d37a74731a68172fe0e56fd2eab5a2a9a1c33c,1779295806
packages/terminal/src/widgets/analysis/Greeks/GreeksWidget.tsx,478,16e61974ea3b460f7a30ec83f5b3bb4b6efc8df77808b5fe352deda8a338f575,1779295806
packages/terminal/src/widgets/analysis/Greeks/__tests__/GreeksWidget.test.tsx,70,ca578a198159a1b4432449be84953cdf5e78949fe05c1cd71063cb4822495e81,1779295806
packages/terminal/src/widgets/analysis/GreeksHeatmap/GreeksHeatmapWidget.tsx,440,746790ee169d70dca21dcb3ff5abdc95afc6aa694476fdda9242e8e280a3a1bf,1779295806
packages/terminal/src/widgets/analysis/GreeksHeatmap/__tests__/GreeksHeatmapWidget.test.tsx,176,f93179863451a94635cad190ced6556a78a0c24fa0919dfc259a57eba3a4be22,1779295806
packages/terminal/src/widgets/analysis/GreeksSurface/GreeksSurfaceWidget.tsx,588,44afd9e07b0b5c6ca0f03bc88727be1351d66faab2c9fd3c7c3251b117fdef89,1779295806
packages/terminal/src/widgets/analysis/GreeksSurface/__tests__/GreeksSurfaceWidget.test.tsx,306,2eaab3e8702c17c3f2fadc83ef4b5d4f8a6d01770eb3a857870c984db743de89,1779295806
packages/terminal/src/widgets/analysis/GreeksSurface/sampleData.ts,99,25b79d0dc30f6d3bd6dd052584aadf07291b122986dce31a34c59e00dbd20d3d,1779295806
packages/terminal/src/widgets/analysis/GreeksSurface/useGreeksSurface.ts,97,2099b52dd9230d71bd5faba3a6954fbf734d0be89a749b72bccf5dac4b819e6f,1779295806
packages/terminal/src/widgets/analysis/HeatCalendar/HeatCalendarWidget.tsx,326,0b458f73ddf8f2fcbf3b0d347feac61f4557ed9b9c4a33c810be55a9dd97de21,1779295806
packages/terminal/src/widgets/analysis/HeatCalendar/__tests__/HeatCalendarWidget.test.tsx,89,91b59419781b9b83bde2d5a79fba0299c599bcd28584a0c0c85e83745cd81bb2,1779295806
packages/terminal/src/widgets/analysis/IVSkew/IVSkewWidget.tsx,460,950c65322c53aad3265043cd69d74d70f1363b3f0d81ab3a5095fabf76d240d0,1779295806
packages/terminal/src/widgets/analysis/IVSkew/__tests__/IVSkewWidget.test.tsx,160,b237440ab7c14fd5cce45093ce2bdab955b2779cc7d0661c299ca1666b086071,1779295806
packages/terminal/src/widgets/analysis/IVSmile/IVSmileWidget.tsx,329,b0c7dd7b3389301a54f78b5b81f3b2c6844c71e8195870d2b45debe2edc1d16f,1779295806
packages/terminal/src/widgets/analysis/IVSmile/__tests__/IVSmileWidget.test.tsx,135,444afebf7648062fb2c89c9b1534407ce686f5697a913f4c6d77852d48ae804e,1779295806
packages/terminal/src/widgets/analysis/IVSmile/sampleData.ts,85,8e7c87cb8d3e38be20518edbc9ecbec0773798901bda173f88318c0dfc12fde8,1779295806
packages/terminal/src/widgets/analysis/IVSmile/useIVSmile.ts,23,eb0543cd4b4c1eba7b8d250711a61b83b20421e10f63311e5e674f2066910cec,1779295806
packages/terminal/src/widgets/analysis/ImpliedMove/ImpliedMoveWidget.tsx,319,a4562ea1624cd9069186006a37e063ec8e5f329032b60d3faf4cfcb7dbd64382,1779295806
packages/terminal/src/widgets/analysis/ImpliedMove/__tests__/ImpliedMoveWidget.test.tsx,135,af30b72d8ef55307555dcdba8185a857fb6dffc2a1922bf47744ed002addb370,1779295806
packages/terminal/src/widgets/analysis/InstrumentCompare/InstrumentCompareWidget.tsx,416,fdb7825b019403779c1c6d7618dc78543f165cc4d245cdbf8d2ec0459af01982,1779295806
packages/terminal/src/widgets/analysis/InstrumentCompare/__tests__/InstrumentCompareWidget.test.tsx,91,e27b52e69e5e5ebfa367c039efa38bf091a1aec50b3029c8994e714236b2fe9b,1779295806
packages/terminal/src/widgets/analysis/MarketBreadth/MarketBreadthWidget.tsx,350,5f4a0edfb823cf70a4e78722a48fa1d096d0d2abc4f6d40679e23038737ec01f,1779295806
packages/terminal/src/widgets/analysis/MarketBreadth/__tests__/MarketBreadthWidget.test.tsx,80,934842372394673238e3586fa970997b198cdfb472067808246cca13ee4d412a,1779295806
packages/terminal/src/widgets/analysis/Microstructure/MicrostructureWidget.tsx,399,d1e17a6dca3fc3c18b4ef3c4dd032faef337d1b7a1ddb757b5ff1637cce8dd98,1779295806
packages/terminal/src/widgets/analysis/Microstructure/__tests__/MicrostructureWidget.test.tsx,81,5871623778e41737ee1f186970f294b0839ce4587af3637eb61f58fb404d4fb1,1779295806
packages/terminal/src/widgets/analysis/MultiTimeframe/MultiTimeframeWidget.tsx,291,49cf63e12267e15eeacfbe975ecd1116db491863d599f01bdd5ae6288590318d,1779295806
packages/terminal/src/widgets/analysis/MultiTimeframe/__tests__/MultiTimeframeWidget.test.tsx,103,a2d5263a890a06cddb6b31063848f8699c2d14a63bd8d41f321fe50da5535d7c,1779295806
packages/terminal/src/widgets/analysis/OIChart/OIChartWidget.tsx,625,40ecbd27d30a5bddaa47b6dee4b9724fd5869684c5a1854324d641fc74e895f0,1779295806
packages/terminal/src/widgets/analysis/OIChart/__tests__/OIChartWidget.test.tsx,76,982805d7bb87d1a70e7b88ff2b8b91fbbfa663cc7a54f1ccdade8cdff0c89a82,1779295806
packages/terminal/src/widgets/analysis/OIHeatmap/OIHeatmapWidget.tsx,635,71c3c4ad9a76f7841d9005e27f36f9296645dff3184aeddf1d5e412f9728c537,1779295806
packages/terminal/src/widgets/analysis/OIHeatmap/__tests__/OIHeatmapWidget.test.tsx,159,9bfb617f29e1636396f6b8e3a8ab798caa23a2e29a767c0963c6abfdfa6ec3fe,1779295806
packages/terminal/src/widgets/analysis/OIProfile/OIProfileWidget.tsx,410,897505b291d367f4a284d27c931f6b22b155a1eff138240e17be371b6983c1e9,1779295806
packages/terminal/src/widgets/analysis/OIProfile/__tests__/OIProfileWidget.test.tsx,149,277bdce7b273f75e69ea09aa0ce3cc8e3acd8677b8996a3516f6ea848df05365,1779295806
packages/terminal/src/widgets/analysis/OIProfile/sampleData.ts,112,771ab8e2d0ad2e3ca8292a9f676c4e4f32782abc830f511800a50d73c8743e4f,1779295806
packages/terminal/src/widgets/analysis/OIProfile/useOIProfile.ts,24,07fc54f7ae95561614905e64c43604e6137c8eaf39814c57b4ebe1237cb6a8f0,1779295806
packages/terminal/src/widgets/analysis/OptionChain/BasketPanel.tsx,117,712c7aa7e7fbedb40871f281e04697555b5d0ccf6a84b19837c457f5623b253a,1779295806
packages/terminal/src/widgets/analysis/OptionChain/ExchangeSelector.tsx,52,89459eacd6658acb42055fb288b271883133eb1b77f0ea23ecb576df3b954228,1779295806
packages/terminal/src/widgets/analysis/OptionChain/LegBuilder.tsx,817,451c25013d5fb1f44a27d4077aa87cdc3d93c42a6cd5a67d1f84eea52143804f,1779295806
packages/terminal/src/widgets/analysis/OptionChain/OptionChainWidget.tsx,707,7c075788d3dde871f22a2bb280ef8ccd5566f077adf9a570199b9e258c785cf3,1779295806
packages/terminal/src/widgets/analysis/OptionChain/PayoffChart.tsx,713,5916b33c42ccc69d270a5f45c32cedb4c670cf9db85d452896024682cfa0a1af,1779295806
packages/terminal/src/widgets/analysis/OptionChain/SymbolSearch.tsx,297,a2220f1cf98873f089e931a4459ad8a9943b7a4b7a29574e53b542dd46d3a60a,1779295806
packages/terminal/src/widgets/analysis/OptionChain/__tests__/LegBuilder.test.tsx,350,6ab867489d3057f6b3ba48603d1dc71e71e45736c0aa0cbae2a057aec6e83ad7,1779295806
packages/terminal/src/widgets/analysis/OptionChain/__tests__/OptionChainWidget.test.tsx,153,6ecbe9224d2a2ecf294df8137334f5599074a2cb66fdeab35dc07b901108f461,1779295806
packages/terminal/src/widgets/analysis/OptionChain/__tests__/PayoffChart.test.tsx,338,111b70406203ab1382efcdabff4ee484221dd9381e5547bbed2b26856dfa93c0,1779295806
packages/terminal/src/widgets/analysis/OptionChain/formatters.ts,93,2443e222567410a5bb799c28f084a9cb630213d0ae2845b93eb18932a56c7b6a,1779295806
packages/terminal/src/widgets/analysis/OptionChain/gridConfig.ts,327,31692e442f964680d4b270fc03dfe28c21d2d71e39ad50826fcbfbc33b64cee6,1779295806
packages/terminal/src/widgets/analysis/OptionChain/types.ts,140,7208c61486a36def90dde6e0761e2f4de2bbd4d4344f3e7c87582d02d71e2ca8,1779295806
packages/terminal/src/widgets/analysis/OptionChain/useOptionChainData.ts,223,b504ff75e10b96d06f490e9d9809e02057315ad9eca39a3ce184d1dee297b300,1779295806
packages/terminal/src/widgets/analysis/OptionsFlow/OptionsFlowWidget.tsx,312,947a4d84ce07c7622dc9950b3c880977528ba81df5b25fa6c3bb23ee2fffb483,1779295806
packages/terminal/src/widgets/analysis/OptionsFlow/__tests__/OptionsFlowWidget.test.tsx,149,706d81fb437f600856c43377390476e566fbcb13828ceeb38e529b23ce500aa1,1779295806
packages/terminal/src/widgets/analysis/OrderBookReplay/OrderBookReplayWidget.tsx,399,2b53d88316c6bb9a71d02f75d7255148a4ba1d9881bfb694ba470670f47786e7,1779295806
packages/terminal/src/widgets/analysis/OrderBookReplay/__tests__/OrderBookReplayWidget.test.tsx,90,3b4c34c313c7628486c37c745b8033a08a84efa4448becfa544132d18cc1a72d,1779295806
packages/terminal/src/widgets/analysis/OrderBookReplay/sampleData.ts,56,d6694c437e7ce3c9a4f3935b477d6ad4ce7afa3db81d7c3037bd74e4aa0efc9a,1779295806
packages/terminal/src/widgets/analysis/OrderFlow/OrderFlowWidget.tsx,760,9d8ee1eab5f7eaa5b9676f7a2d8926b6da9e6bd52d234a04c36535e903ec6e01,1779295806
packages/terminal/src/widgets/analysis/OrderFlow/__tests__/OrderFlowWidget.test.tsx,172,0a37af7a625a6d0e4ea2dbcdd6dd9de53e73a33292da409c74f58e6784ded89b,1779295806
packages/terminal/src/widgets/analysis/PCRTrend/PCRTrendWidget.tsx,411,d90e6f6aad673f2811dfe1e75e64d74080018a2d9a033545d075d063ae2fafe6,1779295806
packages/terminal/src/widgets/analysis/PCRTrend/__tests__/PCRTrendWidget.test.tsx,107,bca61f907918e412395f250c23dbf6adbb8546687aed5b5243de0c1ee6d184ab,1779295806
packages/terminal/src/widgets/analysis/PivotPoints/PivotPointsWidget.tsx,357,5c5c1c323f4360be1b59ca2374bb1a53e56ed3cadf45bdc9a19340cc469befe0,1779295806
packages/terminal/src/widgets/analysis/PivotPoints/__tests__/PivotPointsWidget.test.tsx,92,94a56ea51a0504b8cd020e202d7667cae4da81363c0ac3391597426ec9386c54,1779295806
packages/terminal/src/widgets/analysis/PivotPoints/pivotCalc.ts,143,e88a715e313548370f4d5c8aa1bd84f42c66e73337d8c3bbe8d8e7395b6c810d,1779295806
packages/terminal/src/widgets/analysis/PivotPoints/sampleData.ts,20,25a91b315e7fcd89162872c120645b871d7f456201f3411612635bdc31e34156,1779295806
packages/terminal/src/widgets/analysis/SectorMap/PortfolioRRGTab.tsx,725,3e5c632302f975759593e7e7be84dd526343fda42f91d637433edab7cd876c9f,1779295806
packages/terminal/src/widgets/analysis/SectorMap/RRGCanvas.tsx,321,90f974775231e42de23613aba81ba7074a4381ece01dd7219735c219ebba9f8c,1779295806
packages/terminal/src/widgets/analysis/SectorMap/SectorMapWidget.tsx,366,ae94a109d51cc40dadaf97a904de8fdd9e4da50d6fe5c10c90c854b7560f41d5,1779295806
packages/terminal/src/widgets/analysis/SectorMap/SectorRenderModes.tsx,290,9b938a5fab38d161e2142ba077bfc9d0c96d2ba68ab3d2032bada00707269304,1779295806
packages/terminal/src/widgets/analysis/SectorMap/__tests__/PortfolioRRGTab.test.tsx,313,5565967c59e5be5de05f79528e4c94881726b02fec441253aff7cc47da25ad0c,1779295806
packages/terminal/src/widgets/analysis/SectorMap/__tests__/SectorMapWidget.test.tsx,117,6ac31e664542c7bbe9b9a85dbe88ae818b0a75b939074a7bc498cc0def3a4006,1779295806
packages/terminal/src/widgets/analysis/SectorMap/treemapLayout.ts,81,c76182f5a945f8dfc915cbf0aff2b6d2d3d3988a4e4e00d9c9d80ff2d5432456,1779295806
packages/terminal/src/widgets/analysis/SectorMap/types.ts,46,2b42f711da9bba86e94ee8675444b20d081ae980cc82c1cc3531f57de577fe92,1779295806
packages/terminal/src/widgets/analysis/SectorPerformance/SectorPerformanceWidget.tsx,255,5f987cdccb60bd276cb4b5020841c6eb2ca9e6e58bbf79a6d98d10623909c3db,1779295806
packages/terminal/src/widgets/analysis/SectorPerformance/__tests__/SectorPerformanceWidget.test.tsx,133,eb933111a3eaccbcc210555c54a43b642782830c79ed9b8a6c3962319cbc0016,1779295806
packages/terminal/src/widgets/analysis/SpreadView/SpreadViewWidget.tsx,576,4135199c00ecdbe5af405a1f465cf34b22a39c4f865b27a981570d17a1cdccd3,1779295806
packages/terminal/src/widgets/analysis/SpreadView/__tests__/SpreadViewWidget.test.tsx,97,e9611f4b26e2a4249c8f88cc0a72b6d6ca48d5bfb864af51030b1124cc4e401f,1779295806
packages/terminal/src/widgets/analysis/Straddle/StraddleWidget.tsx,729,3de8ff43a59ec0569ac7d3464932d6b69eb0d6aebc5693f5211de3971da8b111,1779295806
packages/terminal/src/widgets/analysis/Straddle/__tests__/StraddleWidget.test.tsx,92,710522af2e8795b0e4d4cf25a2932d356de1c4271013fae0290290331a35c4d2,1779295806
packages/terminal/src/widgets/analysis/StraddlePnL/StraddlePnLWidget.tsx,446,15fde8c2c2be1b1a68d22d77045edea72cf81c71c63af5bc5550866fd868929c,1779295806
packages/terminal/src/widgets/analysis/StraddlePnL/__tests__/StraddlePnLWidget.test.tsx,137,dabdbc3cae93cad5c9a2dad94cf0546d6342beb4b031d2f76e8d3ea1e067f110,1779295806
packages/terminal/src/widgets/analysis/StraddlePnL/sampleData.ts,61,541441cb35a5863121e8489ea008166661b35314763847c45473d2d2e2374f46,1779295806
packages/terminal/src/widgets/analysis/StraddlePnL/useStraddlePnL.ts,37,f244f86f53c088bb39f0d793716f8553e60683715af824285323672f67899990,1779295806
packages/terminal/src/widgets/analysis/ThreePanel/ThreePanelWidget.tsx,584,b9e013bf5e886a5ebd04bcf9de594e36ecbf9951b60d84740f3917e00ab0802b,1779295806
packages/terminal/src/widgets/analysis/ThreePanel/__tests__/ThreePanelWidget.test.tsx,166,28ec6f5e7ed039deee3636a22d07cfc744ab8b7ec147eba30da502d15e804d79,1779295806
packages/terminal/src/widgets/analysis/VWAPBands/VWAPBandsWidget.tsx,383,1ce914dfec7f0163674e4ebc4955dfd56664cc72569e54e2b63c87b4d043b5a6,1779295806
packages/terminal/src/widgets/analysis/VWAPBands/__tests__/VWAPBandsWidget.test.tsx,89,429da98d559b5475574264aa939fa086179a5084d6b8c661ce943108207bcc47,1779295806
packages/terminal/src/widgets/analysis/VolSurface/VolSurfaceWidget.tsx,236,74ab9a7b94558797dadf041e8fe355427f793b263f321a757c7acf4b4e2d1c1c,1779295806
packages/terminal/src/widgets/analysis/VolSurface/__tests__/VolSurfaceWidget.test.tsx,128,bccf5de83feacbefcbb799042792db4a05859617b4f8a26cbb9fcd9142046bb8,1779295806
packages/terminal/src/widgets/analysis/VolSurface/sampleData.ts,50,f729301054de751e6f2cf1010073dfdbcc9b5b556fb668d19288319248bba290,1779295806
packages/terminal/src/widgets/analysis/VolSurface/useVolSurface.ts,24,a1326a71586048ab16d2d088c8da17441faf2604f9719c8acee141d1c8ac80d1,1779295806
packages/terminal/src/widgets/analysis/VolatilityCone/VolatilityConeWidget.tsx,313,2222e4c26d994715e325d0a77681a140f4db3011b87438be9dd8b819a73ca857,1779295806
packages/terminal/src/widgets/analysis/VolatilityCone/__tests__/VolatilityConeWidget.test.tsx,75,28c4ec52e24833b563ad59be829f0a5428f916e06b9228c88741c84d61e4af22,1779295806
packages/terminal/src/widgets/trading/ActionCenter/ActionCenterWidget.tsx,332,0e75c4a2de31fa9f591650fde0a4173f6880cd396bf5fc88b1f533da4865f37a,1779295806
packages/terminal/src/widgets/trading/ActionCenter/__tests__/ActionCenterWidget.test.tsx,88,179a89334763e94d5127d88f0ddcbb02d0fa65e1e946270c36ce3bd8ee413e76,1779295806
packages/terminal/src/widgets/trading/Dashboard/DashboardWidget.tsx,465,6a44f9e9fddb84a19ea771729563d71277cec10aff176e71e15c21864b925d45,1779295806
packages/terminal/src/widgets/trading/Dashboard/__tests__/DashboardWidget.test.tsx,179,295ca76f99faf9db30fb12ea8f53088aab01eb6667d01de59807c67af5a33c78,1779295806
packages/terminal/src/widgets/trading/Holdings/HoldingsWidget.tsx,296,edb64d72dccb89ca4e0666806f21fb7fb6c87582d1d8bd97940fab7f24b10c1b,1779295806
packages/terminal/src/widgets/trading/Holdings/__tests__/HoldingsWidget.test.tsx,115,233d1b2d188d565b108a0dd06797b4af8309b217d28030845c23a53fdffe9eef,1779295806
packages/terminal/src/widgets/trading/IntradayPnL/IntradayPnLWidget.tsx,400,f3e8d64ea96de1d071e41c1d711c98a1b164c734c2b3f0edbaa2843ecc7f99fa,1779295806
packages/terminal/src/widgets/trading/IntradayPnL/__tests__/IntradayPnLWidget.test.tsx,141,c1d5cc7b15cd8ced631e0b39f20b110d80f8f98880d132ab6269a08c47c4ac5b,1779295806
packages/terminal/src/widgets/trading/MTMMonitor/MTMMonitorWidget.tsx,453,56c4f59ee26aa69631c6d3288421d1747cccaadd9c1e99a08df5571d0f0f839f,1779295806
packages/terminal/src/widgets/trading/MTMMonitor/PnLSummary.tsx,170,79bec4e0b8dce6808eaf02a629877fce7b8316bf68c14efa721e4d46137c02ea,1779295806
packages/terminal/src/widgets/trading/MTMMonitor/__tests__/MTMMonitorWidget.test.tsx,130,30e2c471a37c864c69f29526f7a3e82b8096dc1293987d0c851e458204ec351f,1779295806
packages/terminal/src/widgets/trading/NetPosition/NetPositionWidget.tsx,341,4ee47e6d9261694488bdd7d9c647f6adc6312253f47bc0f1015cdc0cd71b67b2,1779295806
packages/terminal/src/widgets/trading/NetPosition/__tests__/NetPositionWidget.test.tsx,169,a336d8e0a2f5e86ed40ea61c3ff8e909fb63eab131f9f04ce15973475eeed95f,1779295806
packages/terminal/src/widgets/trading/OrderLadder/OrderLadderWidget.tsx,227,a3e35e0b98fc1d73078550b3d7c80a9ed0af1c38783dbe5e2b057b979ed127c8,1779295806
packages/terminal/src/widgets/trading/OrderLadder/__tests__/OrderLadderWidget.test.tsx,142,a494946cbbbc16a6e8801b75e1454300ba55a5fd3052d8b5ede351baca0430c5,1779295806
packages/terminal/src/widgets/trading/OrderPad/OrderPadWidget.tsx,1173,980aeca556339f34725858a64828c8ed49194778a5b3e74abcf78e2cc7f3ffac,1779295806
packages/terminal/src/widgets/trading/OrderPad/__tests__/OrderPadWidget.test.tsx,303,8703004b6b92dbb7d052b3f2db80b2b75ea7616c12c40694034d73cc916a63c9,1779295806
packages/terminal/src/widgets/trading/Orders/OrdersWidget.tsx,225,e3d1c2f37921840473eae1dee9295d70c904fa5c1a7cd1bef62908b59e208b7b,1779295806
packages/terminal/src/widgets/trading/Orders/__tests__/OrdersWidget.test.tsx,129,6703a420b5beb6fea21d76ce034495792fae4332288fee0a974314f768420b25,1779295806
packages/terminal/src/widgets/trading/PortfolioAllocation/PortfolioAllocationWidget.tsx,338,f6a6896bd38120e1a7a901fa670ec9659e6d3f19ad0f2e0541dffc118000b161,1779295806
packages/terminal/src/widgets/trading/PortfolioAllocation/__tests__/PortfolioAllocationWidget.test.tsx,88,4249057a3b6d20850e3e38272ee198194eb0350cc4b8b078870c37decdd3bc92,1779295806
packages/terminal/src/widgets/trading/PortfolioAllocation/sampleData.ts,29,162f5fd7f993b6d96d41ae92a4c3c7a62fbac56c0901ff29ee912b2ec0e36d50,1779295806
packages/terminal/src/widgets/trading/PositionHeatMap/PositionHeatMapWidget.tsx,592,f506248a1c2462c2eb55eb0e7f5df98913f762e43ee1e613afae820cc72b4559,1779295806
packages/terminal/src/widgets/trading/PositionHeatMap/__tests__/PositionHeatMapWidget.test.tsx,226,c485b0c5bea2ad8b4ba0485374d46940c9e038d60ed5f2692dd665410ac3db19,1779295806
packages/terminal/src/widgets/trading/Positions/PositionsWidget.tsx,214,3cf08766edeb49c3c7a129ece2930cf6fab464eb312ed404f449b2fe2888aa5d,1779295806
packages/terminal/src/widgets/trading/Positions/__tests__/PositionsWidget.test.tsx,197,52b081307703d30758c7695ecef33ab50c0fb1f9fbfbc5f1993264491bdd4862,1779295806
packages/terminal/src/widgets/trading/QuickTrade/QuickTradeWidget.tsx,336,2f3f8b02a86b5c868880eb2a8c27156a72757d92d086fc569fec974ef169f551,1779295806
packages/terminal/src/widgets/trading/QuickTrade/__tests__/QuickTradeWidget.test.tsx,106,ab1ee4b0cddaa49a8011f45c37cf2d817feb3e97ecdea2cfba9eef8f7a5b3d4a,1779295806
packages/terminal/src/widgets/trading/RiskDashboard/RiskDashboardWidget.tsx,295,cba8a9799e22057a382518d0594d1f30eaf92e455814578bc518f6f725c45b35,1779295806
packages/terminal/src/widgets/trading/RiskDashboard/__tests__/RiskDashboardWidget.test.tsx,141,199fa046d46e3a88b4aa4e8cc7b1020a522f18a7ee85f46eb5e9490d63ad1e0d,1779295806
packages/terminal/src/widgets/trading/RiskPanel/RiskPanelWidget.tsx,315,67efb429faccc81cfa7d077c121ce5b7e345153f17cf8633d14d82ff6c7c0c03,1779295806
packages/terminal/src/widgets/trading/RiskPanel/__tests__/RiskPanelWidget.test.tsx,108,772981283ba16b5e02d8f5cd336f6cffee56a05c5677e2424007d9618ba4fd56,1779295806
packages/terminal/src/widgets/trading/Scalper/ScalperChartPanel.tsx,229,9d6eaeecdcf64100a23078f95970b636d25b0bbed771fdc856dce442d78da810,1779295806
packages/terminal/src/widgets/trading/Scalper/ScalperControls.tsx,233,f83525eb3d07d5619a6ab2c691d0877d07f9c5a0b717cf0c07d1771d8c3a7d9e,1779295806
packages/terminal/src/widgets/trading/Scalper/ScalperDialogs.tsx,192,745ecb969c4513356d068cd9327429f61722a16f588ace9f76bb7444645b2fdd,1779295806
packages/terminal/src/widgets/trading/Scalper/ScalperPrimitives.tsx,243,730e9f38ff070a9fa3aba05e9a8311c1b98f84db82707735a24db6f7b9393322,1779295806
packages/terminal/src/widgets/trading/Scalper/ScalperWidget.tsx,410,32808d844426e0323ba43b503178e9622de432a250a9f2769a715e149b4d8d9c,1779444091
packages/terminal/src/widgets/trading/Scalper/__tests__/ScalperWidget.test.tsx,212,b2dd30d2d3a2439d80c398bb3e3ff7fab3f20a16699d9c0c0d9f3a5bc29246ad,1779444050
packages/terminal/src/widgets/trading/Scalper/helpers.ts,29,6e0a6acb5067c10ba2fe59992f67df27e90fe07570a5986942eaf0e13f84869b,1779295806
packages/terminal/src/widgets/trading/Scalper/types.ts,54,df029e1a3e8561eb13f00a894677109771cfb0938a53d8b03e4846eedf055bcc,1779295806
packages/terminal/src/widgets/trading/SessionStats/SessionStatsWidget.tsx,431,4f1dacfac38e43e0ed83b2b4180623b54d4394c0d7e94e031f132b789c318437,1779295806
packages/terminal/src/widgets/trading/SessionStats/__tests__/SessionStatsWidget.test.tsx,183,dfabb4ce421925c49b2e395398d1da2dbb767206a2d3c60172dd8e4f4d346c27,1779295806
packages/terminal/src/widgets/trading/StrategyMonitor/StrategyMonitorWidget.tsx,428,df4f16bc77d993e9856d3c966dd437128a5a0cba9254e8014b4500cc2a2414f5,1779295806
packages/terminal/src/widgets/trading/StrategyMonitor/__tests__/StrategyMonitorWidget.test.tsx,146,4f2c0ee28d19da23520e090fd18e8c010d00ca86047b5ac3344da83d116457cf,1779295806
packages/terminal/src/widgets/trading/TradeBook/TradeBookWidget.tsx,297,6c19c8ce2c72295a364c72f1b27b3e4d5c7adb856fe3b0dd7f7519fcb6ad3ce7,1779295806
packages/terminal/src/widgets/trading/TradeBook/__tests__/TradeBookWidget.test.tsx,112,863c2639840626f294762bc731bb5712eaf7d8c6ae7df9b4cb3311266bb5e5db,1779295806
packages/terminal/src/widgets/trading/TradeCopier/TradeCopierWidget.tsx,669,b3c2cd0341417e91d3b655f0e1f21f3ed4cc240029a165c450331de671d0c5ba,1779295806
packages/terminal/src/widgets/trading/TradeCopier/__tests__/TradeCopierWidget.test.tsx,323,4740c010809a168475bd372a6e148eb58ba4aa443dd494db50663705f0267555,1779295806
packages/terminal/src/widgets/trading/TradeLog/TradeLogWidget.tsx,336,eb7343fe6b3a4fd26d7847dccf60bdbbe8a7805eb3182da2a080ee140dcb2edb,1779295806
packages/terminal/src/widgets/trading/TradeLog/__tests__/TradeLogWidget.test.tsx,183,c7186b9998b62cf63881ba931742cf61b14703e155bfcd1dbe305cf664184663,1779295806
packages/terminal/src/widgets/trading/TradePerformance/TradePerformanceWidget.tsx,485,4ad1cdcca6c92c9442a477216891844fdea0433718f07c7a42e62868e068290f,1779295806
packages/terminal/src/widgets/trading/TradePerformance/__tests__/TradePerformanceWidget.test.tsx,84,9ec7dd04c19f8f44004b213cfe2e9a9c92ae98a5f221cf6e68ae4ea61f4df593,1779295806
packages/terminal/src/widgets/utility/AIAdvisor/AIAdvisorWidget.tsx,740,5930b31347dcc74f6d48618fd929c747c1e6a436f16060fe38b2278a1e6da95c,1779369692
packages/terminal/src/widgets/utility/AIAdvisor/__tests__/AIAdvisorWidget.test.tsx,84,3419913a683fd938d1158e36c56a0031070b028daa26f4add3209c576f0e441e,1779295806
packages/terminal/src/widgets/utility/Alerts/AlertsWidget.tsx,951,47f93f9c337edcdc3e6cfff60a277e3a08704acd80db17a8a8b58c36743d87f1,1779295806
packages/terminal/src/widgets/utility/Alerts/__tests__/AlertsWidget.test.tsx,446,a94cccb2a0cf8d19cf6e50fe5577d4c0576ebf843bc8bc489128b83bce1f0d09,1779295806
packages/terminal/src/widgets/utility/AuditTrail/AuditTrailWidget.tsx,309,f850c8b2f3d203940827beec9621503562c83932f6eeb97be3ec15173d1837a8,1779295806
packages/terminal/src/widgets/utility/AuditTrail/__tests__/AuditTrailWidget.test.tsx,88,e91e2c79c8989cac6aa3b3c962b6b2ff4404419ec02133b444ca98e92e232be0,1779295806
packages/terminal/src/widgets/utility/AuditTrail/sampleData.ts,33,74b9420ec01d36531f643d1b667a56c7edd3c7b8d2620140568b27e53e9c93ad,1779295806
packages/terminal/src/widgets/utility/Calculator/CalculatorWidget.tsx,880,6563be22c909dc156d3ddc3b0082a05171253ca4eb5074d26f005bbc6e919e6c,1779295806
packages/terminal/src/widgets/utility/Calculator/__tests__/CalculatorWidget.test.tsx,183,13449adff8e731064f66c0fab2b2ede680242c4ac6ee79eb5e5c67c3da3ce4ba,1779295806
packages/terminal/src/widgets/utility/CurrencyConverter/CurrencyConverterWidget.tsx,323,cf5d0ce015f2b537aad92284f02babed8d48b6204710d76d1cb1fbea4aeff219,1779295806
packages/terminal/src/widgets/utility/CurrencyConverter/__tests__/CurrencyConverterWidget.test.tsx,67,ef96617fb6d6e6268a8ff72210407c02db82d966db9d12e48e9be0790f102f9e,1779295806
packages/terminal/src/widgets/utility/EarningsCalendar/EarningsCalendarWidget.tsx,288,31ad8d95d0604fdfcda3666312ad18be2dfeaa5d6a7ae457942073d66dc22217,1779295806
packages/terminal/src/widgets/utility/EarningsCalendar/__tests__/EarningsCalendarWidget.test.tsx,102,0f2375fcfecdf898803f9a113bcf79b98ede30dc9e01ac7c83b2d2f123c3a72e,1779295806
packages/terminal/src/widgets/utility/EarningsCalendar/sampleData.ts,47,da7740b07e92654de71b34148ee04d0e47ba14b1fe28052b8f9288e70cb29b56,1779295806
packages/terminal/src/widgets/utility/EconomicCalendar/EconomicCalendarWidget.tsx,310,a096582aa96cf5ec7eae998fa971bd7f39d798e5a00856415a31912ba6d1b647,1779295806
packages/terminal/src/widgets/utility/EconomicCalendar/__tests__/EconomicCalendarWidget.test.tsx,68,b23265ca859bab89ab0503a50e2a8d298c90c8565a225e342925f2d64a06c106,1779295806
packages/terminal/src/widgets/utility/EconomicCalendar/sampleData.ts,204,631bb847bfd4e8cf08500cb12f00246ecb3f72e711eeea28af6d68446d9d66c6,1779295806
packages/terminal/src/widgets/utility/ExpiryCountdown/ExpiryCountdownWidget.tsx,261,7a9046d87ac978b3076381329735cb26cb990ad777a0b26707c7a85212a0ec37,1779295806
packages/terminal/src/widgets/utility/ExpiryCountdown/__tests__/ExpiryCountdownWidget.test.tsx,83,05beca9a14c8fbfc054175c8d6f643701fb89f8eeece9f6bdfa06a1a70a62075,1779295806
packages/terminal/src/widgets/utility/FundingRate/FundingRateWidget.tsx,374,bc1d8b9e081847f10d2a93f2c3667ed30817e06842f3436fbbc4bd6ccee4f315,1779295806
packages/terminal/src/widgets/utility/FundingRate/__tests__/FundingRateWidget.test.tsx,242,fb7d30f2c9f9f43fb5eb7df1926f46dba853b875caf4c2ef32c77b44dec1413a,1779295806
packages/terminal/src/widgets/utility/FundingRate/sampleData.ts,114,a4f36864d9d2ba19a1e4ba0d4bd221e3c68b206eccee3d9d4e37a30cb6d1c672,1779295806
packages/terminal/src/widgets/utility/FundingRate/useCountdown.ts,32,3b8f1530d446c6110a6b091da8bfb6aa48286fa8339ee852450e3210f3ddff3b,1779295806
packages/terminal/src/widgets/utility/GlobalIndices/GlobalIndicesWidget.tsx,247,fa5db5b3fd22ee0a275c6b1627b58a9509b0ca71a2c157ac2f879fbedce7f140,1779295806
packages/terminal/src/widgets/utility/GlobalIndices/__tests__/GlobalIndicesWidget.test.tsx,80,724ee6efe4250a72778ac97f90b8c73cb3a5fbc62aed02243f6e68ce4cd5735f,1779295806
packages/terminal/src/widgets/utility/GlobalIndices/sampleData.ts,112,eee0f73b16b675e14e6e99cd8c23500bdede55f1c7bd935afa03a5ee144d8b09,1779295806
packages/terminal/src/widgets/utility/Health/HealthWidget.tsx,493,ae2e54ad87cb5c436fb7739f47fefec54977ca12f426ee0d50b3c4ad96d40305,1779295806
packages/terminal/src/widgets/utility/Health/__tests__/HealthWidget.test.tsx,383,cf3c87459525995e31216887f13397a75d887cd880e9ee747271bdd65bbc14dd,1779295806
packages/terminal/src/widgets/utility/MarketClock/MarketClockWidget.tsx,329,e997a8ed6e52a465d13b46af38c7fe242d6534af89577f88e5b36e88b346b2af,1779295806
packages/terminal/src/widgets/utility/MarketClock/__tests__/MarketClockWidget.test.tsx,130,073de283269c9b9c2ed617a214f5d3493f5843ae5ccd6ea08048e64a6b960823,1779295806
packages/terminal/src/widgets/utility/MarketSummary/MarketSummaryWidget.tsx,363,b595f993cb9b94445a7074d20a465a41341382192df13274305e83f57929c3aa,1779295806
packages/terminal/src/widgets/utility/MarketSummary/__tests__/MarketSummaryWidget.test.tsx,135,d20273a2418fe8a7cffebbc8c8d8ff81dd2dde909cc38e751c6872d5f293af81,1779295806
packages/terminal/src/widgets/utility/News/NewsWidget.tsx,608,32ca657824955d4b960ef682b885c79b3d8f0587d174331e18275536dfe0903b,1779295806
packages/terminal/src/widgets/utility/News/__tests__/NewsWidget.test.tsx,59,6137a9f6c1824a27f2215631af9c92e985ae724208d25f756c679b22137745a8,1779295806
packages/terminal/src/widgets/utility/PositionSizing/PositionSizingWidget.tsx,386,babbb1dca56b654f72c07f546f9f320162d9620951f8f4b9d03f313b6a76a17a,1779295806
packages/terminal/src/widgets/utility/PositionSizing/__tests__/PositionSizingWidget.test.tsx,77,cded06aa405fdd557ad02aad444cbdb4b5ef84fbfda6d142c0f37664ba3b967d,1779295806
packages/terminal/src/widgets/utility/ProfitTarget/ProfitTargetWidget.tsx,274,6c885f9f0802ed4033faec1e599b4b6336b11190dd54b6cce408284d738e53a9,1779295806
packages/terminal/src/widgets/utility/ProfitTarget/__tests__/ProfitTargetWidget.test.tsx,70,19ba2df0956a4b0a3a2732d1090805fa348eeecfe65535135da0df7fd00549de,1779295806
packages/terminal/src/widgets/utility/Scanner/ScannerWidget.tsx,668,179f5eba1c94df156f206611e18b9bc8fa5d4e7f11ed783dd77959a2f03b515a,1779295806
packages/terminal/src/widgets/utility/Scanner/__tests__/ScannerWidget.test.tsx,99,0bae01729769eacf84175a39bed9470fe631e5cb8c73c86fa98dca9bae82d296,1779295806
packages/terminal/src/widgets/utility/Scanner/sampleData.ts,109,f87be6ec32c4ea9b69fdf90062fe9067f31d576473b5ff8f00cbe0bd776847d0,1779295806
packages/terminal/src/widgets/utility/StrategyTemplates/StrategyTemplatesWidget.tsx,379,1353636409d726eeef0c24d3908071d63d98a591ba6e448ec8eb3038e0304e9a,1779295806
packages/terminal/src/widgets/utility/StrategyTemplates/__tests__/StrategyTemplatesWidget.test.tsx,76,93764ea96ac00b549cef9c9fde1f31ba9801d894f8e653a47430d79a7c740857,1779295806
packages/terminal/src/widgets/utility/TickSpeed/TickSpeedWidget.tsx,302,09dbe0498fbfaf577d664adb00668872fe6e95b4136fd6fda69fd2e9ef4817d0,1779295806
packages/terminal/src/widgets/utility/TickSpeed/__tests__/TickSpeedWidget.test.tsx,128,4e5f396985db10cef442b2d554401c7659e57aa4d638252165f26e8bde89d0e7,1779295806
packages/terminal/src/widgets/utility/Ticker/TickerWidget.tsx,187,6a87c121bafe3047fcbd0f5c83dda03ac7df9ce9850677bb2e7e69322a01fc7c,1779295806
packages/terminal/src/widgets/utility/Ticker/__tests__/TickerWidget.test.tsx,54,766a999f5c10c2f12a9ba5ffbc1d2265b275257fdb83b59cc996be3251c80741,1779295806
packages/terminal/src/widgets/utility/TradeIdea/TradeIdeaWidget.tsx,282,fce1846e0aa9bf0c134a7bb6f33790c9b247529410838e6045e15506a322d0ba,1779295806
packages/terminal/src/widgets/utility/TradeIdea/__tests__/TradeIdeaWidget.test.tsx,157,a2fd360c6632ad5c370a6e8b6b478b7437850f794539a1bee9c566bdbc8194fb,1779368410
packages/terminal/src/widgets/utility/Watchlist/ContextMenus.tsx,173,b7c03e0843d20173cf1556da8e6b6dd1d2edd400283653a653c66d807d8d01f4,1779295806
packages/terminal/src/widgets/utility/Watchlist/SearchDialog.tsx,123,45148c3cb35e655276b4dc8b96cfc4f40ef93a4c8ff094d863cee868d55f4b11,1779295806
packages/terminal/src/widgets/utility/Watchlist/Sparkline.tsx,55,beb76e6eb36392bb3fc00c603a8b96c25dd716042209cd54a49b8e1ed571f0c3,1779295806
packages/terminal/src/widgets/utility/Watchlist/SymbolRow.tsx,73,4077482de69d37e51d173d19c834f5eef1d44254f1bbab38c3d26fdad3d9a38b,1779295806
packages/terminal/src/widgets/utility/Watchlist/WatchlistWidget.tsx,411,60c90b79531f50738d3562cfe8bf878efe44a68ce5f24af4954e8acaae7252c4,1779295806
packages/terminal/src/widgets/utility/Watchlist/__tests__/WatchlistWidget.test.tsx,240,c14c7664546509bf33ac0e0253963c3d53ef3874cf57b3fbcabe9fa43a933ef9,1779295806
packages/terminal/src/widgets/utility/Watchlist/types.ts,132,156474f48d4747f088ce4c9aa45eb2b777014c286ccb87d580210ad502a44b52,1779295806
packages/terminal/src/widgets/utility/Watchlist/useWatchlistPolling.ts,115,29f161f2cf5995444be868e5f5e48484fbf83a2f705ef86191187b8b221c2220,1779295806
packages/terminal/tsconfig.json,26,104a67b56779e50b401cde1a368bb7b705e268da93834493b537749a86bfed3e,1779295806
packages/terminal/tsconfig.node.json,14,0f12d291934b35ece40285cdef72994f39ab2b8ff41ea407fb56e619abfc55d0,1779295806
packages/terminal/vite-env.d.ts,19,3da97511bbe24114f8ca3d9dd953302e8e90af088a97a9e83c463e66fe06944e,1779295806
packages/terminal/vite.config.ts,226,4b016801fa4cc483e4ed99c5bdd1d7f4f96f92c0414e1cee7b065e9a97551fb0,1779370875
packages/tick-engine/.cargo/config.toml,5,645ab29399f3225e26078a305dbc6447aafc5f2a7c1fad6fb632db4c75e3ac32,1779295806
packages/tick-engine/Cargo.toml,26,d6818865d61d2f9dc3e8d877cfd1a64d0bf0db5756eac1e4360c76d5919f141e,1779374430
packages/tick-engine/README.md,46,37aabe85b00d1416d53c4eb72d2384243707e6f74b750d87dcf954628bc8d970,1779295806
packages/tick-engine/pyproject.toml,29,06648fc21a02f10ee4fb47911664b1b94b4740bdbff2885d2cb46dd0573f4373,1779374436
packages/tick-engine/python/tick_engine/__init__.py,34,c61bdfaf7f06461d1fca75180ab3f4b6a6299aa99438c20a398d14690686c7b2,1779295806
packages/tick-engine/src/errors.rs,31,007db57a35e5bfb50e96a22d8081f6504bf3fae6797d09981bab63ae04a32df0,1779295806
packages/tick-engine/src/lib.rs,484,edb6b9eafa9d2aac97a6158430f83ee89ce6ffb467c1feb41151ba572277c76a,1779295806
packages/tick-engine/src/metrics.rs,330,10636eeb4cb65a0b39d3283a9c7898045dd049c1b120831ccd3ab944409433b2,1779295806
packages/tick-engine/src/monte_carlo.rs,462,b751b62b716cc59ecaf438b5f709243cdb45e30c85464fcc8822789a9c08dac4,1779295806
packages/tick-engine/src/session.rs,514,198f3ad9e3ca188d13e9cb5f6b87af0b864baa99b14ece2838d1e478d3a6c7a5,1779295806
packages/tick-engine/src/strategies/mod.rs,10,4c1d026686888a627e45d047464b4bae4f329c528e16692183e887ecd008d133,1779295806
packages/tick-engine/src/strategies/options.rs,560,48358b8b45237e22796741a3e81c3c805083321b2906d93c58aeb7feae76e014,1779295806
packages/tick-engine/src/strategies/pairs.rs,428,c5771626f3188aff43a491b6208cb55c272e53a29e6440f5ffe187510cfcffd3,1779295806
packages/tick-engine/src/strategies/spreads.rs,640,100595b681708505b7e3b491b7773e0f574080b0e5155ddd0d404bb453a69303,1779295806
packages/tick-engine/src/types.rs,130,f0779bcff6a2c97a1349ab7e6155cf07f3ba4eb67708deef45b1d315ea22b7a7,1779295806
packages/tick-engine/tests/test_tick_engine.py,298,5af1338c0cf4d9c8279d16c9cdf7acebfebd377f064a35df9384ed840f74e7bc,1779295806
packages/tick-engine/tests/test_tick_engine_extended.py,484,7694a49f9a9652adf90770f1b1440e9c1938259d9150541c70c7a124a59ea718,1779295806
apps/site/.npm-cache/_npx/67eb4586ca667318/package-lock.json,5132,31b3a2edb8750e8e0d040216e0000b414397363b51e9ed82b80cb42923b2be8e,1779314107
apps/site/.npm-cache/_npx/67eb4586ca667318/package.json,10,c3ae1381eafac79fb794bd461e9d00b0bf1aa29a10fb8b4b526e99b15c2ad6d3,1779314107
apps/site/.source/browser.ts,12,db240606d44cb28747b5a35f84984266ad894d57d015a1ac3f3d819f119ee564,1779460213
apps/site/.source/dynamic.ts,8,ff15e542ede91e2735f07e523795be409b450f814c0163c59ed1f6baee4da8cf,1779460213
apps/site/.source/server.ts,47,2d8534b7e2da07a564703f1314bfa67b99356177e690f6d257c02b329110a6d4,1779460213
apps/site/.source/source.config.mjs,10,481214b862df29f3b8771c6fbf2c5df56e14c6d96ef15677a735e3201ca7b155,1779460213
apps/site/.vercel/project.json,1,373d557d59b6e41eda4dccc50f9ecbf410673729dba0da51061d96eb2fd27af3,1779460556
apps/site/content/docs/meta.json,18,a821aabde9cb47137a5e817f98668170e0ce9def4a24ecd9252a3fe5d4e59935,1779460212
apps/site/content/docs/packages/meta.json,21,308324a337ba18450bb813a6775741f8a7ef9dfeb28f97412531b2c10897a81e,1779460212
apps/site/content/docs/releases/meta.json,7,03391d8ccb773a2cab83a51f414b2ae53a3d51658ac7718c7175c6ec043986f8,1779460212
apps/site/content/docs/setup/meta.json,10,2db8536c463294a737ddb577507bb2c103161f6b2301add8278a04f9dec4e90e,1779460212
apps/site/next-env.d.ts,6,7b550dda9686c16f36a17bf9051d5dbf31e98555b30d114ac49fc49a1e712651,1779456328
apps/site/next.config.mjs,14,d7a9141b444c8a9d6746c5638e6f9e1f51c31fae7eda4f9130b4036314f51846,1779455477
apps/site/package-lock.json,8629,9937e5fbda7b0c1ae892f64616c02eb452c86c744a35ee7595527c5c83c1035b,1779353146
apps/site/package.json,46,1c9e5be0ceff78b4075c98aac0782eca9d332412f27e3dbab094b5b640b3968b,1779353142
apps/site/postcss.config.mjs,7,9ca55411b62b2c9cc5631a3e6c631d80c8b8171c7b9ea1e19f83400f4100e910,1779311020
apps/site/scripts/generate-content.mjs,591,4ef3c4b6572a600ec0d0a57b547c67b46cfab1cd24cee257a8030a920b6f7d7d,1779314354
apps/site/source.config.ts,7,8b4933642f3402db0b4c3289ffbdb6a955bdb2b2ec263fc1edfddb17fd924a86,1779311020
apps/site/src/app/api/mcp/route.ts,22,f57fe70d9cf7c36100992c30fd4c7493ad5b3b82d255aeebafedcb6f37c48b2a,1779311293
apps/site/src/app/api/search/route.ts,7,796b76eb2a2a7d4e10416fa246c91bb9768b724f8bafcdde8eb4f4f3944a3308,1779311392
apps/site/src/app/api-reference/page.tsx,80,42035c46103accf4350466e4e4842967cc2d996cb099e22a5b1aeb6d31a9cf0e,1779311422
apps/site/src/app/contribute/page.tsx,81,fe2542e2afc1e01b6d30879cd2b4927df92ca65deab837ce0ffb2432502bf774,1779311422
apps/site/src/app/docs/[[...slug]]/page.tsx,46,1dd40e2e0455243e2a8e30918ef724f55d6c9bf16a422f8a0d802947435ef68e,1779311471
apps/site/src/app/docs/layout.tsx,13,6c5b22a5451d5e5e4f97cb716233676dde6cae6510873fa331e29cd309b1c2a4,1779311392
apps/site/src/app/globals.css,806,1fdc3217f7fe0620307c5ecf666a2b0eb79361c40275571b871bc780bdd0a21c,1779459994
apps/site/src/app/layout.tsx,30,dd076e1040765b67515145627b42d262a2c915f4310ad9e686fedda72a8e6caf,1779352206
apps/site/src/app/mcp/page.tsx,105,f30691b106f810f52dc363008c3a46c59f8a9c71a3e5ece38b70f9fe4e079ea0,1779311422
apps/site/src/app/not-found.tsx,18,51209fdc99d14a16674c5a740e14592ea46771fe32e5da3eae7a527b273510ad,1779311392
apps/site/src/app/page.tsx,244,731c00eb2e2da6cb4469cb7787933638cb7f9bcd7b49818ed40723f62f81d423,1779459960
apps/site/src/components/mdx.tsx,15,e859fc70b59116835ddd00688317ef518d67661cd325045c38fd3bc38cb57284,1779311354
apps/site/src/components/site-footer.tsx,15,5e2e366d491e74d3f30d8d12ac0aa3729bf1db55c5f2438320374f12448e6c4e,1779311354
apps/site/src/components/site-header.tsx,37,6ecd212755aa62c7a408b22cad08c8cf4a8c54092a8da5e4d207ee0daf8219e1,1779311830
apps/site/src/generated/docs-index.json,1638,2ededbeae20c97f268a16f63a44fa62f6c5cc8b1bc514c04d88b2f5e31c2474b,1779460212
apps/site/src/generated/packages-index.json,562,2e0bc60516bb15c094848157543d34b01e6ecc4c95fd0841ac4b0f55db7e803c,1779460212
apps/site/src/generated/site-summary.json,70,1507682e737f22ad5c56a69536065838fa13badb3f8743c94b82dd5f14de5fbd,1779460212
apps/site/src/lib/layout.shared.tsx,32,f21cf6ac757939bb4a3d3ae98d758bdc52b155736bb4b976cdcbeccfbb96458d,1779311354
apps/site/src/lib/mcp/capabilities.test.ts,42,3dc19856b201b1a28ef70ff06fefe2d5ada4c16767f17c911d48980f535f4808,1779311286
apps/site/src/lib/mcp/capabilities.ts,205,789f11dcbbab17a0553a0142ced88d90999f9a68e6277d6c4c66c5b3182be650,1779311453
apps/site/src/lib/mcp/data.ts,9,c6c47f75f1161083f348cd5deced52a002e6c104f8d604a414be54aee1a5da37,1779311286
apps/site/src/lib/mcp/registry.ts,305,b63b5fef26a8fee90106377a0ea35925b1c1213398b078fc7b7a9f2002fcdbed,1779311286
apps/site/src/lib/mcp/types.ts,54,ff9f33bf7c9cf2637b9d9913cbb32891b268042a481873529b0d10c73ba223bb,1779311286
apps/site/src/lib/source.ts,7,3d38fadff5e9f0f3a5a257a3a86688aa96614fa534dbe9bfb56fedccb0b4dafc,1779311354
apps/site/src/mcp/stdio.ts,19,db61fb2ca2b3b9a70f2574437ebf40af0bae0d65803e2a8caaaefd4957b927d8,1779311293
apps/site/tsconfig.json,46,ca909ffc7837c108524ae9564ebbe6e5403f7317deb39899c8225a4866a75a55,1779311529
apps/site/vercel.json,6,20f2d4841e74ecd842b1a73eaf9ea6dd80b3bf2d6ec6d44f3933ab18888356cb,1779311020
apps/site/vitest.config.ts,13,38673aae7ef601b58751455e6d35368a33c62a1bef576391d457ba1a8cf1d514,1779311453
infra/cron/README.md,11,d89b966cbda28b8e73d6554f00b2fcf1e5e9fdf6371fb2211125ac43523698de,1779295806
infra/security/README.md,20,de14f876fbc7f75d7f27db504729df83af65b93919a016ac193292b38783891e,1779295806
infra/systemd/README.md,54,05e57481a4fb2a9a653e85a1bccf9a050c2a407dc780e19015f2fba1dfeb2a3f,1779295806
infra/wireguard/README.md,25,93cf9d1d872207af727a47d319ae609e5c6e6ea0ae3ba23dec3b61b0a227aaa0,1779295806
scripts/__init__.py,0,e3b0c44298fc1c149afbf4c8996fb92427ae41e4649b934ca495991b7852b855,1779295806
scripts/__tests__/__init__.py,0,e3b0c44298fc1c149afbf4c8996fb92427ae41e4649b934ca495991b7852b855,1779295806
scripts/__tests__/test_audit_repos.py,122,145f01c01f696388172f5b26ef67b2e725dc72e369f77594428da82baf96eba4,1779295806
scripts/audit_repos.py,253,60d665ce3cc584b63c818a3eff5d02170b72158d385140d6261e481b3a5f6a0a,1779295806
scripts/backup.py,147,0bbdfe03253ff2386ff7925811e9428439aee3fa81751091e41221e1f61b2f59,1779295806
scripts/check_absorption_drift.py,260,756d0116459392684b5535b726f4cbc864770e53447aa0a6ff504bfbc32e15da,1779368407
scripts/check_doc_sync.py,56,300c9333da572a936ec4628720ab7f9fa6560ec76b5ecb5a51dd6146647e69b0,1779562736
scripts/check_upstream.py,257,3616d3efdcdd1cf7986849c7079294a7d7b593202512bd8e533b5c0ab19d4124,1779295806
scripts/deploy/README.md,96,e9317c5a8f02ff64903026a169f4ddd81e94d2f68b7628563befa083465fb526,1779295806
scripts/dump-blueprints.py,114,0b7608b6f0018b76f8af7d64f67bfd142b98c6659e870dcea1f8e43e7aeb691e,1779562736
scripts/emit_build_perf_json.py,93,d9fc9a99258eeb01dac981d486eb63bac1bcc88e88e301c64cab956aba002a62,1779562736
scripts/generate-package-readmes.py,136,ff477d57c06d486463b690a76548c1053a2b49795b6a5c1037f01a89f3a5b55f,1779295806
scripts/regenerate-reality-baseline.py,85,40311ae41b10bbde298d01acd79e726676b73f4f1b6f707da8604bfbd61a0e08,1779562736
tests/conftest.py,16,07c5847aafa0c74910dd1d30cf19252c1cb42429a035032cddbc37b55640eb1f,1779368410
tests/test_project_structure.py,115,1568099fc0b82c9c4ef3ad6469e24409bfd0ca4dbc7460adacc572f08eb6486d,1779368410
